update,loss,win_rate,win_rate_black,win_rate_white,avg_game_length,entropy,value_loss,raw_value_mse,tactics_wins,tactics_blocks,tactics_synth_wins_eq,tactics_synth_wins_missed,tactics_synth_blocks,imitation_black,imitation_white,win_miss_ema,block_miss_ema,win_boost,block_boost,cf_attempted,cf_candidates_avg,cf_added,cf_winrate_avg,cf_orig_winrate_avg,cf_entropy_avg,time_total,time_selfplay,time_train,learning_rate
8,0.9645496765188,0.609375,0.5881486131037781,0.629410337504567,91.90625,4.754594716450249,0.05879967338114511,0.058511325981960564,312,6,143,3953,1396,0,0,0.9954205574170338,0.9993560259447137,0.9999855625775509,0.749999679020827,0,0.0,0,0.0,0.0,0.0,35.06892418861389,5.000974178314209,30.06766778230667,0.00012205710845591966
16,3.3304429471609183,0.890625,0.8907380334356059,0.8847421146924727,68.015625,4.3217370196391425,0.033114796453446615,0.03255120605003564,456,3,277,3819,434,0,0,0.9873571899171528,0.9985618816540764,0.9998743302221147,0.7499983992284188,0,0.0,0,0.0,0.0,0.0,26.442449778318405,3.908234864473343,22.53387150168419,0.00012205709572299384
24,3.2882679821923375,0.986328125,0.9936454311454311,0.9769982854660274,25.4375,3.5418883111164243,0.09183544099323626,0.08987254527727905,505,0,447,2050,46,0,0,0.9470245949391277,0.9230106732187775,0.9980200749629722,0.7470854463070717,0,0.0,0,0.0,0.0,0.0,10.631789356470108,1.4713283777236938,9.160165011882782,0.00012205707025714219
32,2.2396271442994475,0.9765625,0.986739417989418,0.9635870091752444,11.69140625,2.204094434534847,0.1644255525097833,0.16228788358570825,500,0,408,441,5,0,0,0.870091501371477,0.858266072543922,0.985473193755332,0.7376907447754034,0,0.0,0,0.0,0.0,0.0,4.533204555511475,0.6440539658069611,3.8888489305973053,0.00012205705752421636
40,1.9648856036365032,0.9296875,0.933634560613833,0.9223730226780491,11.11328125,2.152087838087394,0.1586439543752931,0.1574846748284751,476,0,368,212,15,0,0,0.7893644388679151,0.859418622814121,0.9600319832756282,0.7379147131457251,0,0.0,0,0.0,0.0,0.0,4.068359732627869,0.6010833084583282,3.466993063688278,0.00012205703205836471
48,1.624058580028759,0.939453125,0.9776928290255497,0.9040145399772417,9.787109375,1.602670238803852,0.17635579807392787,0.17580966361185485,481,0,357,83,10,0,0,0.7071897801890481,0.8464406712027303,0.9198261168965272,0.7352739983686989,0,0.0,0,0.0,0.0,0.0,3.5147261023521423,0.49980103969573975,3.014635890722275,0.00012205701932543889
56,1.3678101118130144,0.896484375,0.9701137629565049,0.8154715841207776,9.693359375,1.632700654759795,0.1619215450482443,0.1615158958647877,459,1,313,74,18,0,0,0.6325401781128256,0.8618192223074292,0.8718727982340597,0.7352213291160294,0,0.0,0,0.0,0.0,0.0,3.442524164915085,0.4985731840133667,2.943656414747238,0.00012205699385958724
64,1.2136089634150267,0.884765625,0.9528086489504233,0.8164484309489176,9.33984375,1.4122893528725178,0.1528561287559569,0.1530058686894882,453,0,299,43,18,0,0,0.5649405582465072,0.8781761735732488,0.8182122011857427,0.7385130538490542,0,0.0,0,0.0,0.0,0.0,4.010600537061691,0.5817002952098846,3.428554952144623,0.00012205698112666141
72,0.8998676282353699,0.822265625,0.9278290751784585,0.7263094305120167,9.150390625,1.4141011209167749,0.14197367103770375,0.14143132488916055,421,0,277,17,40,0,0,0.5016289974607253,0.8925968942056902,0.7589115178568374,0.7410715968363674,0,0.0,0,0.0,0.0,0.0,3.402973234653473,0.5991175472736359,2.8034999668598175,0.00012205695566080976
80,0.9559672670438886,0.837890625,0.946981835545609,0.7168730909020876,8.908203125,1.3397488706785647,0.13832880510017276,0.13786689360300206,429,0,282,18,26,0,0,0.44520144820920543,0.8913165123301316,0.6990739348977271,0.7408574520756641,0,0.0,0,0.0,0.0,0.0,3.3284076154232025,0.5639317035675049,2.764060825109482,0.00012205693656142103
88,0.680636246688664,0.779296875,0.8967028420010799,0.6641035231660231,8.97265625,1.2694775051049558,0.12661973712965846,0.12640284084432035,399,0,235,18,46,0,0,0.3958551811153379,0.9041817642190051,0.6425617424305203,0.7428938159247327,0,0.0,0,0.0,0.0,0.0,3.3350333273410797,0.588953286409378,2.745660424232483,0.00012205691746203229
96,0.6559205083176494,0.751953125,0.9168650793650793,0.5916312655283243,8.744140625,1.2750032342775661,0.12132762162946165,0.12079640260097144,385,0,271,0,39,0,0,0.3489963921148043,0.9155241103775533,0.5833762471486779,0.7444766106199819,0,0.0,0,0.0,0.0,0.0,3.020261585712433,0.4345298409461975,2.5854433178901672,0.00012205689836264355
104,0.6545534917386249,0.751953125,0.9141529999096413,0.5845755347593582,8.8125,1.3396295601672668,0.09497019043192267,0.09391793024948487,385,0,320,9,44,0,0,0.30940686228558945,0.9106198599740366,0.5294295071324563,0.7438166735771684,0,0.0,0,0.0,0.0,0.0,3.084434151649475,0.43711307644844055,2.647035628557205,0.00012205687926325481
112,0.44066156673943624,0.69140625,0.8730878145807335,0.4890716807672668,8.8515625,1.5797069385013742,0.08618451317306608,0.08563241604287641,354,0,298,10,44,0,0,0.2753763547491286,0.9212001057864426,0.4812362037160063,0.7451939157309588,0,0.0,0,0.0,0.0,0.0,3.089889705181122,0.44886356592178345,2.6407187283039093,0.00012205686016386608
120,0.4278101471136324,0.669921875,0.9040235858356138,0.4566074712407917,8.671875,1.250756225376835,0.07515544176567346,0.0742706422633101,343,0,321,0,35,0,0,0.24277907392898498,0.9305279301837734,0.43243772639285516,0.7462643980890553,0,0.0,0,0.0,0.0,0.0,3.002853959798813,0.43881309032440186,2.563746154308319,0.00012205684106447734
128,0.21186240296810865,0.615234375,0.8108775442523009,0.40639361337098406,8.5390625,1.3349207152598317,0.08792808908037841,0.08703318078801027,315,0,269,0,55,0,0,0.21404044944785539,0.9387515867537765,0.3875965860932631,0.747096446742113,0,0.0,0,0.0,0.0,0.0,3.442780315876007,0.4255739450454712,3.01689013838768,0.00012205681559862569
136,0.31358598193037324,0.640625,0.8871871285901581,0.4040864337771031,8.59375,1.262954499138409,0.07038340193685144,0.0696704661357827,328,0,265,0,45,0,0,0.18870371839889602,0.946001779778498,0.34664951848274417,0.7477431691806652,0,0.0,0,0.0,0.0,0.0,2.911028802394867,0.43439388275146484,2.4763400554656982,0.00012205680286569986
144,0.2398121021251427,0.603515625,0.853565690745482,0.30983907052986004,8.560546875,1.2244970204854515,0.12728566653095186,0.12714732800546916,309,0,265,5,49,0,0,0.16788484611059518,0.9523937416081614,0.31201217484313004,0.7482458440074193,0,0.0,0,0.0,0.0,0.0,2.9276534020900726,0.45261821150779724,2.4747192561626434,0.00012205677739984822
152,0.15129487673402764,0.578125,0.8785172100827627,0.29462187118437116,8.51953125,1.096966506373572,0.10106025682762265,0.09967604044766754,296,0,252,4,47,0,0,0.14883971629491355,0.9580290641288941,0.27954238209752913,0.7486365556425654,0,0.0,0,0.0,0.0,0.0,2.8986913561820984,0.4337231516838074,2.4646496772766113,0.00012205676466692239
160,-0.10885546857025474,0.54296875,0.8753122618963136,0.22595045145952405,8.583984375,1.0279524550690036,0.0913628899725154,0.09119082903847722,278,0,245,5,66,0,0,0.1325556257464014,0.9629973134330911,0.25032741770606004,0.7489402421884468,0,0.0,0,0.0,0.0,0.0,2.902810901403427,0.443170964717865,2.4593607783317566,0.00012205673920107074
168,-0.07406879332847893,0.5546875,0.86355454690584,0.24541650220463077,8.580078125,0.7403254742265795,0.06795981642790139,0.06590392877742433,284,1,263,4,48,0,0,0.11772346598501769,0.9644890828668359,0.2248819162868485,0.7490239683739276,0,0.0,0,0.0,0.0,0.0,2.923271059989929,0.44089630246162415,2.4821073412895203,0.000122056720101682
176,-0.014941387897124514,0.55859375,0.8660666597366076,0.24331424145540526,8.61328125,0.7530174305120173,0.10245030547957867,0.10068468540731684,286,0,261,4,37,0,0,0.10455656279782664,0.9686926367232487,0.2011505023739425,0.7492413646113146,0,0.0,0,0.0,0.0,0.0,2.9063007533550262,0.4381014406681061,2.467920243740082,0.00012205670100229327
184,-0.06322926026768982,0.564453125,0.897320632798574,0.23274134250474382,8.634765625,0.9859862575845542,0.08848237222991884,0.08708944288433493,289,0,264,4,41,0,0,0.09294827288052045,0.9723986009241338,0.17993146035908514,0.7494103391349298,0,0.0,0,0.0,0.0,0.0,2.9177067577838898,0.43985700607299805,2.4775844514369965,0.00012205668190290453
192,-0.416265457708505,0.521484375,0.8179588371398716,0.2351428495480506,8.572265625,0.8545741723757989,0.0667337789782323,0.06491854281533863,267,0,243,0,60,0,0,0.08194565446183337,0.9756658769309082,0.15956279863243505,0.7495416771469126,0,0.0,0,0.0,0.0,0.0,3.38242244720459,0.4286191761493683,2.9535103142261505,0.00012205666280351579
200,-0.515895478616585,0.537109375,0.8559317681067542,0.257143173290307,8.533203125,0.8592671023062164,0.04319162713363767,0.042222321372178996,275,0,251,0,49,0,0,0.0722454552093727,0.9785463938290193,0.1413980006697142,0.7496437616092477,0,0.0,0,0.0,0.0,0.0,2.8875491321086884,0.44926905632019043,2.4380063116550446,0.00012205663733766414
208,-1.0617016746546142,0.470703125,0.7994008278598795,0.1967326592754458,8.55078125,0.6501263863714672,0.07225624436978251,0.07079086822804043,241,0,221,11,58,0,0,0.0666850174273526,0.9810859336729442,0.1308978364193235,0.7497231083063154,0,0.0,0,0.0,0.0,0.0,2.837541550397873,0.44226929545402527,2.3949942886829376,0.00012205662460473832
216,-0.7909595125820488,0.51171875,0.8118995463174146,0.23857357409747115,8.599609375,0.7472353518952011,0.08392472338164225,0.08264880924009643,262,0,236,7,50,0,0,0.06074536602012628,0.98332485913216,0.11841920129436245,0.7497847817303753,0,0.0,0,0.0,0.0,0.0,2.878822982311249,0.4444204568862915,2.4341370165348053,0.00012205659913888667
224,-1.9775441596284509,0.423828125,0.676452923511747,0.14862505720403385,8.748046875,0.9686865409105878,0.07835093553876504,0.07714434614432183,217,0,197,7,66,0,0,0.05633044288912204,0.9852987550030659,0.10967740279758331,0.7498327183348701,0,0.0,0,0.0,0.0,0.0,2.892831325531006,0.4582248032093048,2.4343284368515015,0.00012205658003949793
232,-1.777935543563217,0.47265625,0.7229854537817333,0.188592650654664,8.716796875,0.6916717287998672,0.07820272102253512,0.07745534068448434,242,0,213,7,48,0,0,0.051617210377346595,0.9870389937828528,0.10045150714481388,0.7498699777879572,0,0.0,0,0.0,0.0,0.0,2.9167038798332214,0.468596875667572,2.4478357434272766,0.0001220565609401092
240,-1.4054183311527595,0.51953125,0.7452673452673453,0.2339414152953104,8.630859375,0.8918887074095432,0.056185416236985475,0.05597837707811609,266,1,232,7,62,0,0,0.04816276452493189,0.9870183375835659,0.09546062962993007,0.7498695630200207,0,0.0,0,0.0,0.0,0.0,2.9132633805274963,0.4462120831012726,2.466784954071045,0.00012205654184072046
248,-2.5507882051169872,0.408203125,0.6395306143664704,0.13777415228543524,8.724609375,0.6011306029903014,0.07267551054246724,0.07184387321188987,209,0,190,20,56,0,0,0.05017428416931027,0.9885550232430385,0.09843019189798952,0.7498986158784591,0,0.0,0,0.0,0.0,0.0,2.8644970655441284,0.448581337928772,2.4156384766101837,0.00012205652274133172
256,-2.216380612066132,0.421875,0.6562707920037142,0.15845859854480543,8.6953125,0.7112705527392531,0.0936372767901048,0.09336269671311631,216,0,183,32,73,0,0,0.05594331018404752,0.9899098059427607,0.10400511903228382,0.7499211976534396,0,0.0,0,0.0,0.0,0.0,3.376747101545334,0.45412376523017883,2.9223290383815765,0.00012205649727548007
264,-3.236591192893684,0.333984375,0.4843488559652353,0.21204080852295987,8.857421875,0.686563150680961,0.12266637536231428,0.12289514554419162,171,0,143,41,64,0,0,0.06746932954180634,0.991104218184557,0.13238277377391683,0.74993874968063,0,0.0,0,0.0,0.0,0.0,2.8959454596042633,0.4887755513191223,2.4068961441516876,0.00012205648454255424
272,-2.3394287303090096,0.458984375,0.6921092095057346,0.25126684324875115,8.658203125,0.5727820975629014,0.08794130443129689,0.08815201537785175,235,0,204,6,54,0,0,0.06219831472813229,0.9921572435912477,0.12008956647951918,0.7499523922600445,0,0.0,0,0.0,0.0,0.0,2.864496558904648,0.4530491232872009,2.4111675024032593,0.0001220564590767026
280,-4.051969166845083,0.310546875,0.4401338325151242,0.1848773187794179,8.9296875,0.5401453446862675,0.06128734746016562,0.06103530637506438,159,0,140,11,67,0,0,0.0595412040370286,0.9930856186265443,0.11510330891550924,0.7499629961618652,0,0.0,0,0.0,0.0,0.0,2.9032620191574097,0.4841020107269287,2.4188777208328247,0.00012205643997731386
288,-2.268322430551052,0.50390625,0.7282520486765609,0.265123082337522,8.720703125,0.6700387691774715,0.05332712858216837,0.053150774903624215,258,0,227,9,37,0,0,0.05466308444024944,0.9939040985992835,0.10797784042711855,0.7499712382054267,0,0.0,0,0.0,0.0,0.0,2.9100781679153442,0.4545097053050995,2.4552828669548035,0.00012205642087792512
296,-2.198054764419794,0.5234375,0.7408910897570171,0.29075630893853144,8.595703125,0.8625819432260883,0.07398665143409744,0.07316640983449597,268,0,246,11,47,0,0,0.05070994229712544,0.994625692179793,0.09958338329651628,0.7499776444588243,0,0.0,0,0.0,0.0,0.0,2.897065579891205,0.4552380442619324,2.4415474236011505,0.00012205639541207347
304,-2.31286084279418,0.521484375,0.7851319638591443,0.2730532240697044,8.62109375,0.7957227255726133,0.049000216473359615,0.04824483484276967,267,0,241,7,54,0,0,0.04695261862057374,0.9952618681557179,0.09312070706199005,0.7499826238164665,0,0.0,0,0.0,0.0,0.0,2.8982269763946533,0.4413697123527527,2.456573188304901,0.00012205638267914765
312,-2.2465774547308683,0.55078125,0.8524698822103924,0.23285802140866796,8.46484375,0.7919119821956984,0.047726372024044394,0.046398748941822526,282,0,247,1,42,0,0,0.041802199997447824,0.9958227377134243,0.08312811599499836,0.7499864940977355,0,0.0,0,0.0,0.0,0.0,2.8517287969589233,0.43542638421058655,2.4160214960575104,0.000122056357213296
320,-2.51701295748353,0.525390625,0.840737261955282,0.2450223449424488,8.4453125,0.7303431810287797,0.049047223990783095,0.04746745128642183,269,0,236,4,55,0,0,0.03803950621287274,0.9963172151421017,0.07579331055222183,0.7499895023325677,0,0.0,0,0.0,0.0,0.0,3.357719659805298,0.4431047737598419,2.914325088262558,0.00012205633811390726
328,-2.230425463989377,0.552734375,0.852432869699604,0.2677849264705882,8.595703125,0.7757813922350463,0.03749729145783931,0.03643067795956961,283,0,258,1,39,0,0,0.03394583785943304,0.9967531595147493,0.06778012954280321,0.7499918405287287,0,0.0,0,0.0,0.0,0.0,2.89029598236084,0.45032331347465515,2.4397012591362,0.00012205631901451852
336,-1.7517140000127256,0.599609375,0.8789474676849538,0.3112352168595216,8.5703125,0.8070686341113464,0.05551215726882219,0.05444083618054025,307,0,263,4,44,0,0,0.03063779584808819,0.997137499597878,0.061279509908279683,0.7499936579271675,0,0.0,0,0.0,0.0,0.0,2.919410675764084,0.44480809569358826,2.4743279814720154,0.00012205629354866687
344,-2.469310015439987,0.541015625,0.8571805882920835,0.22527962536501614,8.5078125,0.7762241640886516,0.04690680810017511,0.04540166810828955,277,0,251,2,54,0,0,0.027463468947633584,0.9974763439752057,0.055020417697911106,0.7499950705276758,0,0.0,0,0.0,0.0,0.0,2.872286558151245,0.43873199820518494,2.4332708418369293,0.00012205627444927813
352,-1.9005258735269308,0.587890625,0.8798085540434495,0.27736993398758103,8.638671875,0.8385627906542082,0.04883694340242073,0.047106294824023356,301,0,276,3,46,0,0,0.024956358035921108,0.997775078135619,0.049358893599472875,0.7499961684928512,0,0.0,0,0.0,0.0,0.0,2.95700603723526,0.4406457245349884,2.516090601682663,0.0001220562553498894
360,-2.3154970817267895,0.548828125,0.8541726096526736,0.21081762566137566,8.599609375,0.8259052661372972,0.05535734520526603,0.05354606335145066,281,0,259,4,58,0,0,0.022823495814161876,0.998038450068486,0.04583396695701991,0.749997021902941,0,0.0,0,0.0,0.0,0.0,2.917110323905945,0.4235907196998596,2.493269622325897,0.00012205622988403775
368,-2.4370609745383263,0.546875,0.866056701969296,0.23398740892102415,8.587890625,0.7736036138981794,0.05526480224216357,0.053621510857853744,280,1,256,2,58,0,0,0.02048284356063959,0.9962714928128464,0.04118296458835158,0.7499892400542518,0,0.0,0,0.0,0.0,0.0,2.9061278104782104,0.43251219391822815,2.47334823012352,0.00012205621715111192
376,-2.4111067447811365,0.537109375,0.812411359530262,0.27787265048073984,8.611328125,0.7556296036638908,0.052702694141771644,0.051316532007647485,275,0,247,0,53,0,0,0.01805821634764046,0.9967128495006067,0.036353175710678975,0.7499916366689287,0,0.0,0,0.0,0.0,0.0,2.891298145055771,0.4450162649154663,2.446012169122696,0.00012205619168526027
384,-2.388328604400158,0.541015625,0.8258728506254863,0.2593279770384744,8.607421875,0.7743589800044279,0.0640054774703458,0.06320370779375938,277,0,259,5,51,0,0,0.017418823019418,0.9971019612238132,0.035077500470925393,0.7499934994740451,0,0.0,0,0.0,0.0,0.0,3.443474978208542,0.45386555790901184,2.9893253445625305,0.00012205617258587154
392,-2.192294590175152,0.56640625,0.8732622706324082,0.2616526871315178,8.52734375,0.8161130087599251,0.04724970902316272,0.04578661484462785,290,1,260,1,47,0,0,0.015703631389777362,0.9946461983257123,0.03165129588917437,0.7499778147324381,0,0.0,0,0.0,0.0,0.0,2.8796566426754,0.42732495069503784,2.452060043811798,0.0001220561534864828
400,-2.453056462109089,0.544921875,0.8655157930107527,0.22959240514387574,8.53515625,0.7913987979665862,0.04709338262910023,0.045543617170624925,279,0,251,4,49,0,0,0.01508751684960382,0.9952799469160412,0.029410453657005453,0.7499827561642161,0,0.0,0,0.0,0.0,0.0,2.8786864280700684,0.43077367544174194,2.447634756565094,0.00012205612802063115
408,-1.858139880001545,0.59765625,0.8601506132756133,0.2843652338577255,8.4921875,0.8338211860116174,0.0562469894066453,0.054925281880337684,306,1,268,1,39,0,0,0.013675664180380423,0.9929503059377838,0.02759246825486894,0.7499615336788785,0,0.0,0,0.0,0.0,0.0,2.875257968902588,0.42670273780822754,2.44828724861145,0.00012205610892124241
416,-2.240424258634448,0.55859375,0.8775718099105196,0.2538960049571255,8.611328125,0.8072890042171135,0.06195260485401377,0.06034335207213627,286,0,259,1,45,0,0,0.012530311906498826,0.9937848033558774,0.02434639199834754,0.749970101468338,0,0.0,0,0.0,0.0,0.0,2.9310986697673798,0.4403150975704193,2.49051433801651,0.00012205608982185367
424,-1.7881382029736415,0.61328125,0.8823629327661585,0.33677032934385875,8.521484375,0.8086769631953468,0.05285084794741124,0.051423788003113785,314,0,279,2,45,0,0,0.011777900343341705,0.9945205183396328,0.023039587620261148,0.7499767609126767,0,0.0,0,0.0,0.0,0.0,2.9268097579479218,0.43907424807548523,2.4874745905399323,0.00012205606435600203
432,-2.4739550529047847,0.5390625,0.8486455358299327,0.2512352602372533,8.623046875,0.7137408863681189,0.05189735774183646,0.050745754799851356,276,1,251,1,50,0,0,0.010887740549901511,0.9787210311092664,0.020985786651452898,0.7496495377282978,0,0.0,0,0.0,0.0,0.0,2.883918523788452,0.4346971809864044,2.4489443600177765,0.0001220560516230762
440,-2.5285920798778534,0.533203125,0.833858319453608,0.25671631177255116,8.478515625,0.6756653734181931,0.06037042965181172,0.05910561807224506,273,0,255,4,48,0,0,0.010897084750627626,0.9812398985157518,0.022017562596379436,0.7497275978824762,0,0.0,0,0.0,0.0,0.0,2.8456509113311768,0.4293822646141052,2.4160031974315643,0.00012205602615722455
448,-2.60831581056118,0.541015625,0.8452251699001561,0.22097531927495165,8.55078125,0.6973534844943241,0.055422890989575535,0.05414885514671108,277,0,256,3,57,0,0,0.010889698632381923,0.9834605986076442,0.022002721948809922,0.7497882713215575,0,0.0,0,0.0,0.0,0.0,3.3957780301570892,0.43407320976257324,2.961415618658066,0.00012205600705783581
456,-2.6182178650051355,0.533203125,0.8554101280663782,0.23163241473823493,8.533203125,0.7422817175510374,0.05053555202903226,0.04964889824494656,273,0,250,2,45,0,0,0.009964157467039348,0.98541842651293,0.020142176057552752,0.7498354306725568,0,0.0,0,0.0,0.0,0.0,2.8590520918369293,0.415438711643219,2.443341851234436,0.00012205598795844708
464,-2.4347486179322004,0.55078125,0.8398742723805802,0.26355520909074304,8.5078125,0.7506072522218962,0.06524382409406826,0.06442175114673306,282,0,253,2,66,0,0,0.009164713374248883,0.9871444993494689,0.018533690485204257,0.7498720859935728,0,0.0,0,0.0,0.0,0.0,2.8823179602622986,0.42524534463882446,2.4568126797676086,0.00012205596249259543
472,-2.153351776301861,0.576171875,0.8107664873370104,0.26468464968590366,8.4921875,0.8082979015621774,0.050484916602727026,0.049701740270372,295,0,276,0,55,0,0,0.008079853580209278,0.9886662507909486,0.01634883745730531,0.7499005768979283,0,0.0,0,0.0,0.0,0.0,2.905561476945877,0.4274517893791199,2.477849632501602,0.00012205594339320669
480,-2.4313541166484356,0.546875,0.8516119496285367,0.24223100937996572,8.55859375,0.7909205376678532,0.0369755873689428,0.03640371546108386,280,0,251,1,54,0,0,0.0075559991774048155,0.9900078670893019,0.015292951356123519,0.7499227218855725,0,0.0,0,0.0,0.0,0.0,2.896992176771164,0.43234485387802124,2.4643763303756714,0.00012205592429381795
488,-2.25353163422551,0.556640625,0.8436575360203409,0.27237061537732893,8.619140625,0.8243442433106956,0.06073432293487713,0.06038662303941694,285,0,250,4,50,0,0,0.007481353397575127,0.9911906714835969,0.015142448481012094,0.7499399344131793,0,0.0,0,0.0,0.0,0.0,2.891969084739685,0.4296422600746155,2.462063491344452,0.0001220558988279663
496,-2.472899876534939,0.533203125,0.8600173968302756,0.2325545910506065,8.619140625,0.8369393955075177,0.05849893600679934,0.058120456287490095,273,0,226,1,48,0,0,0.00706890059532954,0.9922334631050769,0.014310642459080425,0.749953313111392,0,0.0,0,0.0,0.0,0.0,2.867550790309906,0.43495041131973267,2.432322144508362,0.00012205587972857757
504,-2.1092370729893446,0.572265625,0.8597030372780492,0.2672391278742085,8.529296875,0.8574456333444608,0.06218023516703397,0.06177642522887912,293,1,239,2,58,0,0,0.007083489420513617,0.9917311959149168,0.014340070173492592,0.7499470793077087,0,0.0,0,0.0,0.0,0.0,2.8797910511493683,0.44791358709335327,2.4316055178642273,0.00012205586062918883
512,-2.2803706163540483,0.564453125,0.852334162056055,0.24780284370801614,8.46484375,0.8353544397316872,0.04266987385926768,0.04200459756944651,289,0,243,4,55,0,0,0.007441692289593962,0.9927100037325078,0.015062477985254952,0.7499588665890597,0,0.0,0,0.0,0.0,0.0,3.3602193892002106,0.4297889769077301,2.930151492357254,0.00012205583516333718
520,1.3546211356297135,0.578125,0.8421407383865671,0.3011102403343782,8.564453125,1.2047491103975896,0.16654848134203348,0.1658002171066558,512,0,399,8,52,847,165,0.007941799547990314,0.9935729465793102,0.014660128278992213,0.749968028432314,42,0.23809523809523808,4,0.625,0.0625,0.08461559257764728,5.172720372676849,0.42112821340560913,4.632032871246338,0.00012205581606394844
528,1.0311573397557368,0.3359375,0.5346383416310481,0.14345845111974143,8.84375,2.3423561853758645,0.1117865201231325,0.11112360138218227,512,3,383,38,86,1056,563,0.01224619663602748,0.9899819063252596,0.022037305775193805,0.7499446613802436,93,0.0,0,0.0,0.0,0.0,5.901104122400284,0.4770873486995697,5.423224091529846,0.0001220557969645597
536,1.074196227680659,0.3046875,0.45613850947902673,0.1690368183563748,8.953125,2.4452706212003696,0.10557536662963685,0.10538906441520075,512,1,350,59,119,1073,637,0.019268772739928233,0.9902348457612569,0.03737194193773541,0.7499261928684793,111,0.0,0,0.0,0.0,0.0,6.036819130182266,0.4848667085170746,5.551166504621506,0.00012205577149870805
544,0.9760244302451611,0.396484375,0.583276954673124,0.19749299705445617,8.87109375,2.227541877435932,0.09204754541860893,0.09170585524673427,512,0,375,78,99,929,554,0.028034914249903987,0.9913907818809803,0.0543336186764618,0.7499426322873017,76,0.0,0,0.0,0.0,0.0,5.782865136861801,0.48732706904411316,5.294763922691345,0.00012205575239931932
552,0.933352020336315,0.39453125,0.6066996251146801,0.19460748043065118,8.87109375,2.2235117024619013,0.09246197035827208,0.09212925065561496,512,0,373,79,91,1034,459,0.03454996277715458,0.9924098857213345,0.06759277568197297,0.749955410074983,89,0.0,0,0.0,0.0,0.0,5.8267412185668945,0.4738815724849701,5.3520777225494385,0.00012205573329993058
560,0.892636127769947,0.439453125,0.6829044279901134,0.20590000511875511,8.701171875,2.0049185516283003,0.08502507762750611,0.08440214171259211,512,0,366,50,90,979,393,0.03755342739327832,0.993308354607031,0.07222451038540878,0.7499653418043093,85,0.0,0,0.0,0.0,0.0,5.594774484634399,0.4585581421852112,5.135451138019562,0.00012205570783407893
568,0.9523893985897303,0.41796875,0.6628193122424867,0.1702310028922932,8.91015625,2.197255494761462,0.09904895082581788,0.09901310838640248,512,2,356,77,100,997,424,0.042616631984367055,0.9919249880432968,0.08250971452115274,0.7499495307953625,70,0.0,0,0.0,0.0,0.0,5.710499584674835,0.48634326457977295,5.223389387130737,0.00012205568873469019
576,0.9770216406323016,0.390625,0.6006035631035631,0.20445910183097743,9.19921875,2.1484877384647474,0.12591993651773237,0.12869522161037433,512,6,299,98,151,1045,477,0.05035638011990948,0.9884487050019537,0.09792171448159037,0.7499102209205426,81,0.0,0,0.0,0.0,0.0,6.663309037685394,0.5116081833839417,6.150921553373337,0.00012205566963530146
584,0.9415775231900625,0.486328125,0.6621336996336995,0.31592773981946076,9.36328125,1.887913198281083,0.15334204147802666,0.15862248747095192,512,5,263,69,149,874,420,0.0550186899305454,0.9861325537249308,0.10496112042246097,0.7498511553954795,68,0.014705882352941176,1,0.75,0.125,0.4992886185646057,5.785207450389862,0.5224812924861908,5.2362158596515656,0.0001220556441694498
592,0.8773578898981214,0.560546875,0.6921293525681571,0.4317249365701378,10.376953125,1.7893242120228512,0.1419720491649059,0.14885253011006366,512,21,252,77,148,830,399,0.06155211399264154,0.9723172145219677,0.11712201596102112,0.7495782693804126,62,0.0,0,0.0,0.0,0.0,6.066569983959198,0.6262244880199432,5.439579367637634,0.00012205562507006107
600,0.8645089432247914,0.640625,0.7623010173960372,0.5220715944002234,11.28125,1.676186667764418,0.15434748604457127,0.16301546897556074,512,70,229,86,135,760,327,0.06925486087882521,0.9356194668887725,0.12926807431599374,0.7475036646412379,49,0.02040816326530612,0,0.0,0.0,0.0,6.271381825208664,0.676604300737381,5.583069056272507,0.00012205560597067233
608,0.8227504350943491,0.689453125,0.7270191409897292,0.6428417949969674,11.658203125,1.6951003976708137,0.12716354805161245,0.13009308127041114,512,69,214,68,107,587,400,0.07168715297607846,0.8970879458111535,0.1398937091750584,0.7426456068646232,49,0.0,0,0.0,0.0,0.0,6.171368211507797,0.6955923438072205,5.475012630224228,0.00012205558050482068
616,0.8266631406731904,0.6484375,0.727778013700461,0.5741758128646716,12.3359375,1.814414943861519,0.11641145855537616,0.12190767948107066,512,109,251,98,127,780,408,0.07705717399810123,0.854616987592593,0.14912210492799072,0.7351129374293575,46,0.021739130434782608,0,0.0,0.0,0.0,6.855975985527039,0.7612185478210449,6.046345680952072,0.00012205555503896903
624,0.7699361683335155,0.7578125,0.8379020583109174,0.6750228386809269,12.095703125,1.6380432178458915,0.10269191669067368,0.10712631497447014,512,109,260,60,73,603,267,0.07804272594486522,0.800808940909696,0.1509681691600666,0.7223418149168896,32,0.0,0,0.0,0.0,0.0,6.282296985387802,0.7352147102355957,5.546284258365631,0.0001220555359395803
632,0.8125104131468106,0.736328125,0.8085274686131412,0.6740435733784966,13.0546875,1.749088987745587,0.09150081556254008,0.09385616942718952,512,135,247,105,108,727,311,0.08492471711540658,0.7577465304386952,0.16339529474259884,0.7081909486528037,24,0.041666666666666664,1,1.0,0.375,0.3365078866481781,7.008931040763855,0.7976888120174408,6.186884135007858,0.00012205551684019156
640,0.797405528021045,0.826171875,0.86096304673303,0.7967348455257304,12.478515625,1.593435028236013,0.09135737120959675,0.09429384368408597,512,139,267,46,57,417,196,0.08267567552159594,0.7021809324630887,0.1604745532150641,0.687542009996643,21,0.0,0,0.0,0.0,0.0,6.703658610582352,0.7337948679924011,5.969083905220032,0.00012205549137433991
648,0.8700237504672259,0.779296875,0.8352761243386243,0.7285735516830217,13.427734375,1.7458758102370986,0.11291857113246806,0.12016271789702349,512,158,268,102,95,522,314,0.08825863972009564,0.6632755148979484,0.1641249987970126,0.6665002719273424,26,0.07692307692307693,0,0.0,0.0,0.0,6.902271807193756,0.8199328780174255,6.025688022375107,0.00012205547227495117
656,0.8467240481404588,0.80078125,0.8106050948950223,0.7928195947527067,14.359375,1.8009310348550984,0.1015998261718778,0.10363822727547767,512,176,267,100,62,461,347,0.09254639083577407,0.6156519398308588,0.17530059150144328,0.6419642475834471,22,0.09090909090909091,1,1.0,0.5,0.3414452373981476,7.156240522861481,0.8623007535934448,6.225943773984909,0.00012205545317556243
664,0.7665252696315292,0.822265625,0.8420004507425372,0.7934152713295468,13.3359375,1.6694769201798132,0.08926446196710458,0.09075994044863285,512,162,295,59,61,442,279,0.0907338020880478,0.574863027455349,0.17456104497389313,0.6192553582353438,26,0.11538461538461539,0,0.0,0.0,0.0,6.61799618601799,0.7733914256095886,5.759573698043823,0.00012205542770971078
672,0.741240665956866,0.861328125,0.8835920975279895,0.8348446496833594,13.095703125,1.476771967611005,0.10818528992240317,0.11186582296222358,512,166,283,32,40,337,216,0.08545108055249548,0.5298973404592591,0.16563329765913692,0.5884979672116857,13,0.38461538461538464,1,0.75,0.125,0.34100788831710815,6.338771313428879,0.7682198286056519,5.455625027418137,0.00012205540224385913
680,0.930869993462693,0.76171875,0.7726623231159522,0.7548496308881112,14.95703125,1.7277632162505403,0.1718656194043433,0.17721235811945849,512,240,284,152,85,601,577,0.09443005895599281,0.4978486999646078,0.17982344194085143,0.5638347209361764,35,0.4,7,0.8571428571428571,0.26785714285714285,0.3640678972005844,8.284242063760757,0.8277560174465179,7.009153187274933,0.00012205538951093331
688,0.8486015066155232,0.75390625,0.7863426082798711,0.718103448275862,13.666015625,1.8515388729851996,0.14146582724060863,0.14659549792792856,512,202,293,91,66,542,462,0.09761566308178538,0.46747426713553586,0.18805648763446814,0.5403028970727308,33,0.21212121212121213,3,0.7916666666666666,0.2916666666666667,0.2695161700248718,7.286033391952515,0.7733083069324493,6.29781711101532,0.00012205536404508166
696,0.8891550549305975,0.796875,0.7994646390911337,0.7938729533235582,14.736328125,1.7192791075349303,0.14234716136706993,0.14607130478817454,512,213,269,159,81,456,519,0.10582618730060815,0.44306290037611556,0.19962099867608707,0.5201488056874184,24,0.375,1,0.875,0.5,0.27313846349716187,7.826604664325714,0.8460804224014282,6.7301008105278015,0.00012205533857923001
704,0.9284448343387339,0.748046875,0.7474996357808857,0.7410355260431277,16.44921875,2.0070015625376487,0.08749510857887799,0.08821742795373838,512,251,288,257,103,738,720,0.12510163940969946,0.4260241717670257,0.22999698235371002,0.5023580752795456,36,0.3333333333333333,6,0.9166666666666666,0.4375,0.3353928824265798,10.400085747241974,0.9159031510353088,9.042771756649017,0.00012205531947984127
712,0.966489939019084,0.76953125,0.7757293894572287,0.7707722175778471,15.576171875,1.9149032610026966,0.08041472300101304,0.08179285243154594,512,206,306,240,108,584,622,0.1386231585496002,0.4158205171219731,0.2541342651948503,0.49501882789576807,30,0.3333333333333333,4,0.84375,0.28125,0.3654443323612213,8.700302690267563,0.8649189174175262,7.5399560034275055,0.00012205530038045254
720,0.9463946429314092,0.783203125,0.7768642706646739,0.7856585206357012,14.986328125,1.9866819137405927,0.08822799726749508,0.09012070149753856,512,245,289,245,95,492,625,0.15110851475917433,0.39937814675983097,0.27427825594544164,0.48092416279141786,21,0.3333333333333333,1,0.875,0.5,0.44976097345352173,8.295494973659515,0.8929584324359894,7.139315366744995,0.00012205527491460089
728,0.9932142194593325,0.75390625,0.7756348656155809,0.7193409560177852,15.369140625,2.0692968072027162,0.07001604417746421,0.0718856262171347,512,243,281,300,101,670,626,0.16521792009973252,0.38581134817132445,0.30096832422696695,0.46858041819710194,37,0.2972972972972973,4,0.75,0.3125,0.360514260828495,8.962884604930878,0.9204427301883698,7.5882807075977325,0.00012205524944874924
736,1.1350890759495087,0.689453125,0.7006708698580386,0.6802068767290542,14.775390625,2.187008624961483,0.07306333220367378,0.07469225215025477,512,260,329,452,94,642,753,0.18149693492323313,0.3709713998516066,0.324611565253739,0.45521354574176665,40,0.175,3,0.9583333333333334,0.25,0.3814749519030253,8.736513137817383,0.8701324462890625,7.654400795698166,0.0001220552303493605
744,1.1727034789510071,0.783203125,0.803085133257547,0.7645413610090135,15.744140625,2.066030356812126,0.10311724987695925,0.1039074113738505,512,261,339,451,93,561,526,0.19923449478861263,0.35737229887754735,0.35954725958298805,0.44303395985571703,27,0.18518518518518517,2,0.8125,0.25,0.2596813440322876,8.739683240652084,0.9121169149875641,7.645248740911484,0.00012205521124997176
752,0.9260067230497953,0.705078125,0.7252361216369837,0.6702426749684576,13.138671875,1.8902104949012228,0.10505777469370514,0.10247365049174861,512,206,280,129,80,619,436,0.19409857294540764,0.34920881546532984,0.35173582909408985,0.43487629949821727,48,0.0625,2,0.9375,0.1875,0.14836431294679642,7.049191027879715,0.7437510788440704,6.226036161184311,0.00012205518578412011
760,0.8887310530408286,0.833984375,0.8781145722322192,0.7875658229157215,14.21875,1.837153870274268,0.10338932821468916,0.10321933081317743,512,212,258,107,53,427,230,0.1864311106108082,0.3313859846421044,0.3391322833355972,0.4155693402834574,25,0.12,1,1.0,0.25,0.20853623747825623,6.918470203876495,0.8039691746234894,6.059972494840622,0.00012205516031826846
768,0.8708545806002803,0.859375,0.8653333968474055,0.856953223614205,14.759765625,1.809479332011721,0.10383425048348727,0.10298500352531688,512,208,259,91,62,314,289,0.1785191871929702,0.3192459009432092,0.32660887482940804,0.40591933355013377,15,0.3333333333333333,1,1.0,0.375,0.3717880845069885,7.8586514592170715,0.8037295937538147,6.939155131578445,0.00012205514121887973
776,0.8954705971991643,0.77734375,0.8107860357002098,0.7450693329440957,15.126953125,2.0237157277365383,0.09137913848098833,0.09263107074736587,512,209,268,100,93,485,490,0.17260214649052966,0.31729558444442946,0.3170269996770131,0.4010216813995633,26,0.07692307692307693,0,0.0,0.0,0.0,7.701154321432114,0.8889111280441284,6.7480369210243225,0.00012205512211949099
784,0.8041589248314267,0.81640625,0.8628444873247104,0.7633667037449017,13.89453125,1.845022869049009,0.08901706521282904,0.08852089550017367,512,204,270,53,65,490,261,0.16065246174498454,0.3080131797952574,0.2989647140059293,0.3928865285347925,22,0.045454545454545456,0,0.0,0.0,0.0,6.82378625869751,0.7942907214164734,5.999086260795593,0.00012205509665363934
792,0.9323275402421132,0.873046875,0.8984316167220578,0.8498933422492951,15.240234375,2.004898840572807,0.10249303718592273,0.10181366137002337,512,200,275,76,50,322,194,0.15249613628344938,0.2952516140331645,0.28388884881036947,0.3792748568115253,22,0.36363636363636365,2,0.875,0.375,0.3822440057992935,7.307228207588196,0.9097457230091095,6.206195563077927,0.00012205507118778769
800,0.9252897387486883,0.876953125,0.8992829973287964,0.8530893720548893,14.546875,2.0198836002036673,0.102219593261907,0.10092871679320656,512,209,317,67,50,327,170,0.14519865677706972,0.2821479782985292,0.27057887245658807,0.36556439910885696,18,0.2222222222222222,0,0.0,0.0,0.0,6.83771076798439,0.8627380430698395,5.916716784238815,0.00012205505208839895
808,0.8017673204885796,0.822265625,0.8014107318751368,0.8456570596100629,15.7734375,1.9761448376745352,0.08397368195437593,0.08383098835910979,512,230,265,42,66,338,440,0.13645982471624152,0.2744757250122386,0.2540185293245667,0.35303956244666046,21,0.047619047619047616,0,0.0,0.0,0.0,7.462328881025314,0.8692417442798615,6.566991537809372,0.00012205503298901021
816,0.8796465958002955,0.783203125,0.8124738377253857,0.7471721057927954,15.740234375,2.072746321249577,0.09198827366344631,0.09106685149690782,512,285,267,97,74,520,428,0.13644098321857911,0.26586483907076797,0.25308526462830605,0.3475838415372252,28,0.07142857142857142,2,1.0,0.5,0.35800525546073914,7.818450391292572,0.8758244216442108,6.89016392827034,0.00012205500752315857
824,0.8538603604538366,0.732421875,0.7741764312076812,0.6919856188443119,15.576171875,2.0418255604881272,0.10589504751260392,0.10392287364530842,512,272,281,89,78,620,486,0.13425334631001157,0.26083115993296796,0.24923900849465308,0.3388115455003843,33,0.15151515151515152,2,0.8125,0.3125,0.4043298661708832,8.078143954277039,0.8849487006664276,7.085796892642975,0.00012205498205730692
832,0.8178322638850659,0.734375,0.7449885117988566,0.7202717720384408,16.29296875,2.0322633562514456,0.09044534900021972,0.09043122526373341,512,272,247,82,90,581,637,0.1319604615999111,0.2591931120055743,0.24930611063171548,0.33980853942752415,31,0.03225806451612903,1,0.75,0.25,0.44400614500045776,9.217793226242065,0.8812987506389618,8.302179008722305,0.00012205496295791818
840,0.8830145963001996,0.7734375,0.7895477298991416,0.754194792299631,16.419921875,2.1751912882017996,0.07565171548048966,0.07719663568114753,512,286,299,104,89,640,460,0.13032748263462496,0.25560016374642386,0.24454564509903132,0.33480995486973997,26,0.07692307692307693,0,0.0,0.0,0.0,8.60994490981102,1.0345638990402222,7.514687955379486,0.00012205494385852944
848,0.8808880219003186,0.775390625,0.7953512252017945,0.7533084881068752,15.390625,2.153267796318581,0.08002910771301686,0.07926358961717703,512,258,278,77,72,498,454,0.1268045819463024,0.25053171487426135,0.2394130655606096,0.3309600380002885,29,0.034482758620689655,0,0.0,0.0,0.0,7.7196400463581085,0.9007037281990051,6.799842357635498,0.00012205491839267779
856,0.8405596003867686,0.767578125,0.8324751083371773,0.6927559684781761,16.06640625,2.160344532835621,0.0860244194882398,0.08621922627854477,512,257,250,52,80,678,390,0.12094962754667819,0.24877191063237433,0.22862291427776893,0.3287345542754812,25,0.36,4,0.90625,0.34375,0.26162770949304104,8.17441937327385,0.8927482068538666,7.11672431230545,0.00012205489292682614
864,0.8278617644682527,0.787109375,0.8046368153075469,0.76307827061684,15.951171875,2.085643998564403,0.0660643466108013,0.06558320571982774,512,306,282,74,69,483,475,0.11758873628103311,0.2410367800195725,0.22421077960592106,0.3171159762796291,28,0.10714285714285714,3,0.9583333333333334,0.4166666666666667,0.20077464977900186,7.992712676525116,0.8855059742927551,7.002222836017609,0.0001220548738274374
872,0.7953821131959558,0.783203125,0.8046747125787342,0.759636246842211,16.2734375,1.9494014798652195,0.06808773726515938,0.06919290047288701,512,272,280,63,60,510,471,0.11297306517716646,0.23353062845635203,0.21470730659798132,0.31075095035392697,30,0.03333333333333333,0,0.0,0.0,0.0,8.094819039106369,0.9422074258327484,7.129157245159149,0.00012205485472804867
880,0.8005130577366799,0.796875,0.881358480465017,0.7282429481329209,16.177734375,2.124358445276143,0.07027846164419316,0.06998478284656554,512,251,236,39,64,688,229,0.10691889904840679,0.22998791919207737,0.20416703262944957,0.30677630574275516,22,0.045454545454545456,0,0.0,0.0,0.0,7.865531712770462,0.8963195383548737,6.929540187120438,0.00012205482926219702
888,0.7650470793014392,0.787109375,0.8283254971098899,0.7521107182560575,16.638671875,1.9921817776240718,0.07068695863199537,0.07096332104317295,512,262,237,55,79,604,376,0.10451338107581953,0.22973229216454286,0.19940206716358355,0.30409337116615387,29,0.1724137931034483,2,0.8125,0.375,0.18065039813518524,8.307749718427658,0.9650712311267853,7.177326530218124,0.00012205480379634537
896,0.7671582857146859,0.8125,0.8589691218367689,0.7577564996175543,16.2421875,1.9131988462440699,0.06994444015435874,0.07080482881356812,512,277,265,43,52,472,363,0.09939148370019435,0.22121045877265497,0.1913043413801534,0.29774924217941034,22,0.09090909090909091,1,0.875,0.25,0.3924759030342102,8.72277256846428,0.9034595191478729,7.766719311475754,0.00012205477833049372
904,0.7655895801726729,0.76171875,0.7647015418525737,0.7596062885125385,16.3984375,1.9808191147771994,0.07041088902042247,0.07037464691383874,512,267,252,50,66,554,475,0.09591510010609726,0.21683322337474592,0.1845125482390657,0.2931372469233712,26,0.11538461538461539,0,0.0,0.0,0.0,8.16547217965126,0.9516600370407104,7.159635931253433,0.00012205475923110498
912,0.7801434764405712,0.80078125,0.8082955457486874,0.7953105354849437,15.84375,2.072787184035316,0.0759409203492396,0.07733006394817053,512,264,259,40,51,488,374,0.09110982013615988,0.21014461609834797,0.17445656012952004,0.282777480206278,28,0.14285714285714285,1,0.875,0.5,0.3976147770881653,7.727332353591919,0.9118468463420868,6.718818873167038,0.00012205474013171624
920,0.808088325225981,0.79296875,0.8191266001673194,0.7639542360178135,15.607421875,1.996740128199702,0.07665352139883908,0.07608976181147253,512,270,261,53,57,482,405,0.08966201307907268,0.2062871010149098,0.17178169776687835,0.2773272171730392,23,0.2608695652173913,1,0.5,0.0,0.22929023206233978,7.6713689267635345,0.8875022232532501,6.67538782954216,0.0001220547146658646
928,0.7192178433761001,0.814453125,0.8177666928615696,0.8114612219483646,16.529296875,1.893296358079592,0.07488495403231354,0.07592349573135233,512,270,262,71,69,419,428,0.09098218275299305,0.20508795213016554,0.17461437240672928,0.27652643957292766,31,0.1935483870967742,1,0.75,0.375,0.47311103343963623,8.155269026756287,0.9611572027206421,7.044553339481354,0.00012205468920001294
936,0.7789424698567018,0.748046875,0.7551751697680572,0.7453722266345563,18.138671875,2.0979745230706524,0.0645780360318895,0.06540171683048285,512,328,210,77,85,704,620,0.09311297119926357,0.20478534181848745,0.1781503014497019,0.274868769272513,29,0.10344827586206896,1,0.5,0.125,0.393085777759552,9.19484457373619,1.0323384404182434,8.0953950881958,0.00012205467010062421
944,0.7616336827341001,0.78515625,0.817097306725018,0.7583032270784287,16.5390625,2.022011915985315,0.07577738091458741,0.07597711215272109,512,325,227,35,40,601,372,0.0882152066735816,0.19379063989058126,0.17075527567605497,0.26391203347834935,37,0.05405405405405406,1,1.0,0.625,0.3993721902370453,7.962716430425644,0.9009725749492645,7.034042954444885,0.00012205464463477256
952,0.7105884900083765,0.779296875,0.8117664242550975,0.7526557927836233,15.48046875,1.8391929612526736,0.0615153578837635,0.06234169412296912,512,288,262,36,54,534,428,0.0835873250526301,0.18954876014839606,0.15903243112252607,0.2575608308877218,29,0.034482758620689655,0,0.0,0.0,0.0,7.637558966875076,0.8726984858512878,6.737689316272736,0.00012205462553538382
960,0.8399190525524318,0.783203125,0.8134768444184952,0.7501034869380023,17.12890625,2.1810572115782234,0.07780545330024324,0.07941482858581984,512,327,258,93,53,613,418,0.08708404029237257,0.18320320224878286,0.16662414752457855,0.251425527430564,27,0.1111111111111111,2,0.9375,0.5625,0.3185602277517319,9.608264535665512,0.9574238955974579,8.556811392307281,0.00012205460006953217
968,0.7711424832814373,0.791015625,0.8273628889469407,0.7560749569239906,16.755859375,2.082607006396357,0.06623407184815733,0.06716138382501746,512,289,281,46,55,607,379,0.08475165689244943,0.18027605818874504,0.16191829714458295,0.24573102857079548,22,0.18181818181818182,0,0.0,0.0,0.0,8.355815351009369,0.9614326059818268,7.293206989765167,0.00012205457460368052
976,0.7176021686755121,0.7890625,0.8323312702623047,0.7495576781929524,16.8828125,1.9409733656632526,0.054654445448250044,0.05585024296534195,512,319,266,60,67,660,359,0.08378928018413159,0.1795730431723327,0.1616922723403451,0.24557472460732868,15,0.4,1,1.0,0.5,0.23364238440990448,8.393982529640198,0.9560962915420532,7.342136532068253,0.00012205454913782887
984,0.7098726027179509,0.787109375,0.8169642489303224,0.7608844757931978,16.21484375,1.8771956111483528,0.07009524463865091,0.0706225441761835,512,288,256,70,51,586,373,0.08565176588483218,0.1756332905199342,0.16557313868432533,0.24145215178004453,31,0.0967741935483871,0,0.0,0.0,0.0,8.034561723470688,0.877695769071579,7.059969574213028,0.00012205453003844013
992,0.6653130121994764,0.826171875,0.8073741446725318,0.8452386086399368,15.87890625,1.6899376817497171,0.07226021074166056,0.07388842036346517,512,250,260,30,46,343,440,0.08049935970451359,0.17360327302817113,0.1564182359519779,0.2367192066669134,23,0.08695652173913043,1,1.0,0.625,0.2571020722389221,7.555649310350418,0.8728997707366943,6.610865235328674,0.0001220545109390514
1000,0.6246472313068807,0.794921875,0.7927104100212654,0.7971288418156708,16.662109375,1.6234836072332235,0.07826179638504982,0.08095543108806277,512,267,267,58,59,531,466,0.0809754203189853,0.17442164971706495,0.1538129524468148,0.23791898145746634,25,0.32,3,0.8333333333333334,0.3333333333333333,0.33132052918275195,8.3175108730793,0.9113261103630066,7.238681495189667,0.00012205448547319975
1008,0.6559724906692281,0.79296875,0.8050518686880883,0.7870837933068536,16.466796875,1.718231695027217,0.05432797147295787,0.05622920876963452,512,314,251,42,51,572,477,0.07836827601851334,0.16983894920919324,0.1524367512578947,0.23495939182308018,27,0.25925925925925924,2,0.8125,0.4375,0.31986846774816513,8.308115661144257,0.8890684545040131,7.19469627737999,0.0001220544600073481
1016,0.717181216692552,0.69140625,0.7368479437229437,0.6514362648939263,16.642578125,2.0259330232949724,0.0566918163367518,0.056874551782562274,512,301,227,57,85,921,450,0.07840646130528789,0.17551771479937228,0.14770546287941022,0.23934938893196187,35,0.05714285714285714,1,0.875,0.125,0.48908305168151855,8.589005947113037,0.8721449375152588,7.675242930650711,0.00012205443454149645
1024,0.6872612931765616,0.798828125,0.8362962584788516,0.7586030618088808,18.0,1.9171800890764672,0.053840858876355924,0.05484779244706196,512,314,229,50,65,604,434,0.07772350562913098,0.17476899877609434,0.14917209283857957,0.23940453107435558,30,0.16666666666666666,0,0.0,0.0,0.0,9.909096419811249,0.9764153957366943,8.76016041636467,0.00012205441544210771
1032,0.6596464916365221,0.8203125,0.8273094214077966,0.8173048324364114,17.52734375,1.7268052029690804,0.05078637410315423,0.051466081197614685,512,302,270,48,48,499,445,0.07649581190772868,0.17001485971518984,0.14725822029989133,0.23456614941027737,21,0.3333333333333333,5,0.95,0.45,0.2442261680960655,8.685202479362488,0.9547641575336456,7.459442883729935,0.00012205438997625606
1040,0.6774764993642748,0.71875,0.746814704217955,0.6956769810865737,16.708984375,1.8865399910676826,0.05759992955790949,0.0594389243800898,512,349,254,57,57,748,553,0.07636842009024568,0.16675008871422534,0.1482548826035277,0.23055393336422525,32,0.03125,1,1.0,0.5,0.3977447748184204,8.517249464988708,0.9275793433189392,7.559705436229706,0.00012205437087686732
1048,0.6496126290876418,0.736328125,0.7472028817157494,0.7198109478012495,17.7578125,1.962111601499319,0.05586721526015026,0.05772016652442892,512,358,257,45,44,698,700,0.07453542547725389,0.15980072670584056,0.1431868568293425,0.2223644618806555,28,0.14285714285714285,0,0.0,0.0,0.0,9.101298540830612,0.9662966132164001,8.038614571094513,0.00012205434541101567
1056,0.6384580176672898,0.81640625,0.8601004120113895,0.7755091434586217,18.513671875,1.7015189730816882,0.048606781922899245,0.04991472298837722,512,338,235,53,47,629,371,0.07486265297549595,0.1548783858214677,0.1434238428889114,0.21408986355949627,26,0.23076923076923078,3,0.9583333333333334,0.4583333333333333,0.4435310463110606,9.03478592634201,1.0589561462402344,7.810171067714691,0.00012205431994516402
1064,0.6277947807684541,0.7578125,0.7650910027472527,0.7558139605340717,17.859375,1.7482815184417797,0.057876239787219674,0.06077648782273086,512,372,244,59,62,571,608,0.07684298149315072,0.15348699700201404,0.14641944104757876,0.21431024741135443,26,0.11538461538461539,0,0.0,0.0,0.0,8.904256880283356,0.9841914772987366,7.844189912080765,0.00012205429447931238
1072,0.6575344088196289,0.787109375,0.8525906807156808,0.7189305048443637,18.078125,1.7876123913206345,0.04481214552470192,0.04549290745539418,512,307,224,33,45,724,376,0.07343656946269722,0.1502624805264757,0.14111902572247437,0.20872274634948987,24,0.2916666666666667,4,0.90625,0.46875,0.232620757073164,9.003932118415833,0.9756873846054077,7.787936806678772,0.00012205427537992364
1080,0.6653442225360777,0.736328125,0.7534462036081127,0.72155229838723,18.1875,1.9416310370303729,0.05069844867102802,0.05256743730708176,512,372,199,49,79,735,621,0.0742100845997726,0.15312881578738016,0.1414700277583001,0.211888995946365,27,0.07407407407407407,0,0.0,0.0,0.0,9.258024662733078,1.0266858041286469,8.179311364889145,0.00012205424991407199
1088,0.6379329693736508,0.748046875,0.7941657167200645,0.7074715482032554,17.890625,1.919937424920116,0.04675588166810485,0.04768090959005207,512,375,220,47,39,739,511,0.07378105183978856,0.14584060227456283,0.14339640180519764,0.20484845233376492,30,0.16666666666666666,1,1.0,0.625,0.34696659445762634,10.027798056602478,0.9988484084606171,8.88410872220993,0.00012205423081468325
1096,0.611635344394017,0.759765625,0.8066130025796431,0.7147800031946374,18.626953125,1.6943794512900892,0.04566974940826185,0.04728738013846585,512,374,224,50,48,760,489,0.0733685626962939,0.14234696150971118,0.14024355281505907,0.19925366678966752,30,0.3333333333333333,0,0.0,0.0,0.0,9.29943785071373,1.0329221189022064,8.113189786672592,0.0001220542053488316
1104,0.6276246350826113,0.775390625,0.816388296367879,0.7365195662115136,17.955078125,1.8277597359369224,0.04601481675217656,0.04706943308906387,512,342,233,42,50,658,483,0.07204096480063178,0.1403500176020329,0.1384891792937566,0.19512940832716322,41,0.21951219512195122,1,0.75,0.25,0.486596941947937,8.916019290685654,0.9953050315380096,7.704672783613205,0.00012205417988297995
1112,0.6181645299948286,0.755859375,0.7716614982239982,0.7315759408602152,18.90625,1.8133172212454458,0.04826182240867638,0.04897576796668365,512,392,195,46,46,720,685,0.07229404955670345,0.13625394564673945,0.13935667112651529,0.19097401773868208,25,0.24,4,0.90625,0.40625,0.23838267847895622,9.605410695075989,1.085705727338791,8.358993709087372,0.0001220541544171283
1120,0.6082503986399388,0.75390625,0.8109146074647744,0.6988553153474828,18.525390625,1.8112542691034972,0.04398068266527844,0.0439050316598798,512,365,225,43,46,739,500,0.07096966120467532,0.13304916026249278,0.13535892349669665,0.1856594768731615,31,0.06451612903225806,1,0.875,0.375,0.415897011756897,9.197254180908203,1.045900821685791,8.10215300321579,0.00012205412895127665
1128,0.643769981659716,0.73828125,0.7783373521763399,0.6899861989567873,18.603515625,1.8972977734864878,0.05122182121158403,0.053191735920683964,512,393,209,35,48,790,628,0.06951896010133227,0.13023378122546778,0.13536304942623278,0.18340036419738845,34,0.11764705882352941,2,0.8125,0.4375,0.2540924996137619,9.425345689058304,1.0277697443962097,8.317582875490189,0.00012205410985188792
1136,0.5803859600928263,0.755859375,0.7649305863015541,0.7409898271429444,17.841796875,1.7322475187723327,0.03979756950782587,0.04023980399577088,512,382,220,28,38,706,546,0.06673023808488489,0.12565140882706965,0.1280633211768163,0.17675354983225675,21,0.14285714285714285,1,0.875,0.375,0.14347954094409943,8.849587738513947,0.9768944084644318,7.790668547153473,0.00012205408438603627
1144,0.5915541467256844,0.755859375,0.790701778601931,0.7092571621411032,18.841796875,1.7045819266378892,0.04258720171128516,0.04337791439710269,512,418,203,35,42,722,547,0.06510804914223724,0.12152240607735264,0.12498299727677764,0.1704812428598517,30,0.16666666666666666,2,0.8125,0.375,0.4232085645198822,9.362924247980118,1.0568731129169464,8.171177417039871,0.00012205406528664753
1152,0.6107642207061872,0.720703125,0.7542200475942904,0.682999166125086,19.6875,1.7561808064118998,0.04323350082631805,0.04389225029749269,512,463,188,63,43,774,710,0.06849779115409607,0.11752057433787244,0.13387356036232212,0.167244994424679,31,0.06451612903225806,0,0.0,0.0,0.0,10.96810632944107,1.0939825773239136,9.8232102394104,0.00012205403982079588
1160,0.5977891485963482,0.724609375,0.7591131951567157,0.6905814241335122,19.185546875,1.795105833267581,0.04400996176082117,0.04476702967062825,512,420,200,48,53,942,624,0.0685555627037077,0.11704110516941013,0.13269900932779588,0.16378068625907072,34,0.17647058823529413,3,0.9583333333333334,0.5833333333333334,0.2891947726408641,10.029316693544388,1.1235068440437317,8.731661438941956,0.00012205401435494423
1168,0.604532919882331,0.69140625,0.7428741922241644,0.6391776080860767,18.44140625,1.818284577258741,0.04695024406100856,0.048226271287619984,512,407,194,40,52,910,694,0.06745093866761817,0.1166597377771939,0.12834732147095906,0.1637783322571474,44,0.13636363636363635,1,1.0,0.5,0.32398468255996704,9.6127670109272,1.0420092344284058,8.44171392917633,0.00012205398888909258
1176,0.5853312333711074,0.76171875,0.8153263746684799,0.7044610732592478,18.18359375,1.7192826455020653,0.041913462069544494,0.042848668376837096,512,363,206,49,38,768,439,0.06765492347976772,0.11396684102943663,0.12908524616233052,0.1608003039742215,36,0.1111111111111111,0,0.0,0.0,0.0,8.98418602347374,0.9976816773414612,7.912958383560181,0.00012205396342324093
1184,0.6111797873745672,0.720703125,0.7459865077052577,0.697916659838349,19.10546875,1.7674665030466712,0.04780072748690145,0.04883642413679881,512,442,187,43,39,780,741,0.06710668237227581,0.10995254424869264,0.12995535168798256,0.15694465683870287,30,0.1,1,0.625,0.25,0.11222724616527557,9.676867872476578,1.043838232755661,8.539878249168396,0.00012205393795738928
1192,0.5898355134413578,0.69140625,0.6969630933385085,0.6866133614369502,19.95703125,1.8318930414685828,0.04522727236326318,0.046209638895966756,512,471,161,58,61,801,882,0.06970687668088686,0.11007282509743677,0.1352908310282338,0.15509435367111196,38,0.10526315789473684,0,0.0,0.0,0.0,10.346925288438797,1.1202999949455261,9.099184215068817,0.00012205391885800054
1200,0.5622999545303173,0.7265625,0.7855369574119575,0.6537683469213293,20.4140625,1.738240514169691,0.04069290335428377,0.04122400373981063,512,445,153,39,47,888,603,0.06877362266140045,0.10850523164931587,0.13231654938845894,0.15461864114906074,36,0.1111111111111111,1,1.0,0.625,0.4101533889770508,10.207480311393738,1.1591972410678864,8.93347179889679,0.0001220538933921489
1208,0.558808522997424,0.703125,0.7521548444562374,0.6599202418118861,18.78125,1.653622517168348,0.041934035212761955,0.042719289036999994,512,424,196,43,45,905,646,0.06914553775988183,0.10708658498672621,0.13341191054290458,0.1527191144111507,38,0.07894736842105263,0,0.0,0.0,0.0,9.55168154835701,1.0196007788181305,8.448709964752197,0.00012205387429276016
1216,0.5721118629080593,0.748046875,0.7820413007289142,0.7182074000914196,19.591796875,1.6989414484611713,0.03641002679432859,0.03681832518232543,512,443,166,40,43,847,561,0.06862228443221251,0.1045671795676354,0.13127880573388062,0.14868471367788175,34,0.29411764705882354,1,0.875,0.5,0.31347140669822693,11.138707131147385,1.0555995106697083,9.76603353023529,0.0001220538488269085
1224,0.5736470696865581,0.693359375,0.7277572215072214,0.6576375890523963,20.75390625,1.7438002700339341,0.04310439546497946,0.04393167613060861,512,469,178,51,57,908,776,0.07036657452188887,0.10474681931363829,0.13421917208346057,0.14931756481991001,36,0.2222222222222222,2,1.0,0.625,0.28684649616479874,10.717391699552536,1.1473779678344727,9.322172433137894,0.00012205382336105686
1232,0.5659741050476441,0.671875,0.6833356400543901,0.657981611311746,20.880859375,1.7333668032865306,0.040605387065397736,0.04134252489643611,512,516,155,35,43,960,925,0.06873870682324208,0.10128527778417853,0.13432903899446935,0.1456987259470393,43,0.13953488372093023,2,0.875,0.5,0.46603037416934967,10.965603083372116,1.2092982828617096,9.601328372955322,0.00012205379789520521
1240,0.5479576077732418,0.673828125,0.7053915990829658,0.6442451234526069,20.115234375,1.7418201797692032,0.04005046053100614,0.041180777748054884,512,473,168,39,58,967,851,0.0683147192008923,0.10221666464561377,0.1322432387131407,0.14565717836997455,49,0.08163265306122448,0,0.0,0.0,0.0,10.433970749378204,1.0992135107517242,9.248064070940018,0.00012205377242935356
1248,0.5552633410843555,0.720703125,0.7612768739036487,0.6743252137710849,20.45703125,1.6704139006406495,0.04230478392673831,0.04283479804806119,512,494,156,49,38,957,683,0.06888482823875512,0.09829300580270842,0.13460523988207018,0.14090327318606025,43,0.16279069767441862,4,0.90625,0.46875,0.2644137814640999,10.570683360099792,1.1550640165805817,9.142868220806122,0.00012205374696350191
1256,0.5557578826774261,0.6875,0.6845317134779385,0.6879237490450726,21.125,1.770969644476327,0.041026914470421616,0.0411769835640679,512,540,131,41,62,938,876,0.06827404578865003,0.09864986821658735,0.13345043686107438,0.1405340207450218,39,0.07692307692307693,0,0.0,0.0,0.0,10.871521085500717,1.2300350069999695,9.559783101081848,0.00012205372149765026
1264,0.5555954542360269,0.720703125,0.7417029382418773,0.702803163261421,22.05859375,1.7374851643296398,0.03607311389168899,0.036462876395305044,512,542,115,43,43,914,842,0.06826352714683642,0.09544484362073424,0.1317429020528681,0.1363147167830172,33,0.24242424242424243,2,0.6875,0.25,0.3760340213775635,11.239402860403061,1.2802288234233856,9.770444631576538,0.00012205369603179861
1272,0.5577295765979216,0.693359375,0.7503349811911182,0.6305309886192239,20.572265625,1.7447923093108455,0.042976190605259035,0.04363844084416417,512,511,151,38,53,1007,677,0.06753824718273896,0.09520686955128924,0.1303692683447516,0.1368982657923307,30,0.13333333333333333,2,0.875,0.1875,0.2929997518658638,10.45491474866867,1.133534848690033,9.212628155946732,0.00012205367693240987
1280,0.5553901861421764,0.69921875,0.7436067419506621,0.657605664407135,20.97265625,1.714301055257769,0.03635760798351839,0.03704729384728496,512,537,141,39,48,1020,742,0.06697881088097085,0.09306339556126089,0.1293089901758797,0.13381969420830675,45,0.06666666666666667,0,0.0,0.0,0.0,12.002679467201233,1.163272112607956,10.758202582597733,0.00012205365146655822
1288,0.5476366761140525,0.7265625,0.7683807763696877,0.6824337509951734,19.841796875,1.7184177115983015,0.04238890183842159,0.04316196972657542,512,445,146,24,42,850,652,0.06383870301442611,0.09263376737173731,0.12416846313780261,0.13105865509924794,34,0.11764705882352941,1,0.75,0.375,0.40396687388420105,9.954960882663727,1.125207394361496,8.724584400653839,0.00012205362600070657
1296,0.5501756177400239,0.72265625,0.7504351526146577,0.6993210398755718,21.40234375,1.6455844731349092,0.03884638357340009,0.039131418093555276,512,512,133,43,35,963,592,0.06443149212821592,0.08933374300231739,0.12487811894248857,0.12881076750055814,38,0.10526315789473684,1,1.0,0.625,0.4807004928588867,10.650571495294571,1.233467012643814,9.331367045640945,0.00012205360690131783
1304,0.5640228064348776,0.654296875,0.695117491441021,0.6105971535865045,20.6875,1.7879934086072948,0.044099862530856626,0.04464847904921519,512,504,146,55,53,1190,843,0.0664715111946298,0.08950639753944174,0.1291674028325135,0.1294800313496025,43,0.023255813953488372,0,0.0,0.0,0.0,10.911143243312836,1.2116647064685822,9.682062178850174,0.00012205358143546619
1312,0.5504958325182088,0.634765625,0.6899400394871282,0.5726631701631701,21.54296875,1.7654742119051972,0.05492365826285095,0.05696074884864476,512,588,143,69,71,1210,955,0.07093296412171815,0.09133749959302095,0.13678929242759652,0.13029445343819412,43,0.06976744186046512,1,0.625,0.25,0.42528000473976135,11.473782151937485,1.177691400051117,10.203356385231018,0.00012205355596961454
1320,0.539584958110936,0.671875,0.6857004302896247,0.6513412309368192,20.9375,1.6563616961366976,0.039755168501869775,0.04039175075580774,512,509,118,40,57,820,1129,0.07000164179737603,0.0922942598198913,0.13543304213719198,0.13328844865412023,42,0.23809523809523808,1,1.0,0.5,0.41776299476623535,11.124927461147308,1.1987257897853851,9.707971543073654,0.00012205353050376289
1328,0.5526212938857498,0.642578125,0.6960586399628145,0.5847959256047491,21.2421875,1.7478563899560082,0.04165447540981404,0.04127210856552309,512,524,118,34,48,1146,897,0.06894656561944251,0.0911660204045278,0.13303554037121523,0.12992568874632773,43,0.09302325581395349,2,0.8125,0.375,0.29692305624485016,11.199736982584,1.1640724539756775,9.89107072353363,0.00012205350503791124
1336,0.5400747975072591,0.64453125,0.7612978628633278,0.5206374953301449,20.859375,1.754392237384634,0.04796412970699748,0.04926700773375609,512,519,132,34,47,1272,748,0.0676146586941162,0.09037454224484515,0.1305140380112042,0.12919626798631942,46,0.13043478260869565,2,0.875,0.5,0.3149820864200592,11.101146340370178,1.1784382462501526,9.7249136865139,0.00012205347957205959
1344,0.5216114741633646,0.703125,0.7318378469101279,0.6760194197694197,20.765625,1.6123911344166837,0.038463045770186,0.03880015631770049,512,476,120,38,40,821,829,0.0663967380680264,0.08865494156107649,0.12945437356310097,0.12643674358988893,38,0.21052631578947367,0,0.0,0.0,0.0,12.020794868469238,1.251467764377594,10.539642214775085,0.00012205345410620794
1352,0.5095533995190635,0.6796875,0.7621319644487748,0.5981852316025703,20.8203125,1.5864878654420953,0.03877353614916501,0.039648387121429915,512,531,111,28,36,1136,699,0.06391573745420938,0.08578940122503116,0.12474483625243193,0.12384413580869064,44,0.09090909090909091,0,0.0,0.0,0.0,10.697094351053238,1.1661757230758667,9.421270966529846,0.00012205342864035629
1360,0.5179439869243652,0.6796875,0.7472627702718428,0.6115777165224467,21.8046875,1.747156840884128,0.03171307576667459,0.03171080201341644,512,541,110,31,39,1197,732,0.06250882653661928,0.08352626375623352,0.12163797462406867,0.12024295426819051,46,0.08695652173913043,0,0.0,0.0,0.0,11.148516714572906,1.2178325057029724,9.860367089509964,0.00012205340317450464
1368,0.53010112155971,0.677734375,0.7567809535212553,0.6075805023998584,22.18359375,1.7403306640556901,0.03349694535972958,0.03403571381603924,512,577,101,42,40,1328,653,0.06296327515025862,0.08120082171804421,0.12090201514910692,0.11687226375905446,37,0.1891891891891892,3,0.7083333333333334,0.08333333333333333,0.32297178109486896,11.516934722661972,1.279155194759369,10.008167833089828,0.00012205337770865299
1376,0.5428194492415059,0.658203125,0.7131772976223816,0.5997966294085246,20.9375,1.738113128412642,0.03435351885127602,0.0340815542768691,512,537,102,29,46,1076,826,0.061538728802474386,0.08080706358485376,0.12066494854431054,0.11684866429671897,47,0.1702127659574468,2,0.8125,0.375,0.32771359384059906,10.984693586826324,1.2178546488285065,9.561402052640915,0.00012205335224280134
1384,0.47243039155728184,0.685546875,0.7727211711166104,0.6081049390233657,21.8515625,1.6052247002129385,0.03135806061072799,0.03144913863901249,512,596,111,33,42,1271,627,0.060929230718971786,0.07893063598434204,0.11820886384879914,0.11406194630107946,44,0.4090909090909091,7,0.7321428571428571,0.2857142857142857,0.3843075931072235,11.57537293434143,1.2460559010505676,9.834938257932663,0.0001220533331434126
1392,0.4960209421114996,0.671875,0.7358909608640212,0.6029273943119189,21.80078125,1.6389890091742083,0.03476511603957988,0.03526340817439622,512,592,114,38,53,1235,757,0.06136592895423528,0.0792385196772907,0.11946035293164536,0.11408397659107938,41,0.07317073170731707,0,0.0,0.0,0.0,11.343016892671585,1.3107140362262726,9.959471434354782,0.00012205330767756095
1400,0.5406504167476669,0.666015625,0.6957777983486373,0.62735665115987,21.26953125,1.7244993609758361,0.041765793048398336,0.04220890162710414,512,550,109,34,48,1025,895,0.0609928611746593,0.07896444096329883,0.11918021212879493,0.11471822150621341,38,0.10526315789473684,1,0.875,0.375,0.48073330521583557,11.483934313058853,1.6151649057865143,9.755779266357422,0.0001220532822117093
1408,0.5031018735753605,0.6953125,0.773263318211136,0.6263123190898334,21.919921875,1.68127166688269,0.03689459639281267,0.03710488926061734,512,588,128,36,41,1162,706,0.06075013165268986,0.07743601542868432,0.11786713025217788,0.11125134069397591,40,0.2,1,0.75,0.375,0.2803764045238495,12.5325468480587,1.2390929460525513,11.123718827962875,0.00012205325674585765
1416,0.4955171654582955,0.708984375,0.7893372502433067,0.6109714820032146,22.111328125,1.5935999748552097,0.037735703597718384,0.038489369636750106,512,614,92,32,43,1074,717,0.0598324333188084,0.07601976931951161,0.11696607882927257,0.10997539323846917,39,0.28205128205128205,0,0.0,0.0,0.0,11.245053917169571,1.2600522935390472,9.777357906103134,0.000122053231280006
1424,0.49447169771883637,0.68359375,0.7808433666880186,0.5919809031305842,22.13671875,1.594349581367296,0.03590957789128879,0.03625139411466972,512,600,102,34,41,1261,653,0.059847361255730654,0.07466690156696952,0.114956274141235,0.10754820244631533,43,0.13953488372093023,1,1.0,0.375,0.49627044796943665,11.636870980262756,1.4150643646717072,10.057395160198212,0.00012205320581415435
1432,0.5303775101638166,0.65234375,0.7279420045045045,0.5859950182180151,21.888671875,1.6987219363578372,0.04798989234268447,0.04913377671841979,512,591,87,37,40,1281,761,0.05950514437610793,0.07357283187276584,0.11678624182024089,0.10704858679765589,37,0.08108108108108109,1,0.75,0.375,0.390673965215683,11.31989923119545,1.2556841671466827,9.994334369897842,0.0001220531803483027
1440,0.5002748063634499,0.6484375,0.7364328172618021,0.5698069161823313,22.27734375,1.6077454764516306,0.03452583702710399,0.0345546556533847,512,624,93,34,40,1330,729,0.059357522851105085,0.07214634886883628,0.11292743766521018,0.10438596979859432,40,0.225,0,0.0,0.0,0.0,11.5896617770195,1.256242036819458,10.127020627260208,0.00012205316124891397
1448,0.48432768566999584,0.6796875,0.7608328412615653,0.6067789254829696,22.27734375,1.555091303980152,0.031194937406326062,0.03140948692279546,512,623,99,21,39,1202,739,0.056971705277087,0.0704375193036676,0.11149584711371596,0.10193186014434993,42,0.16666666666666666,1,0.875,0.5,0.1128690242767334,11.425732851028442,1.2650816440582275,10.015020668506622,0.00012205313578306232
1456,0.48431354603781074,0.63671875,0.7212200500993604,0.5400157637353378,22.62890625,1.603351042330001,0.02978270500329927,0.029335767435223502,512,619,81,26,29,1338,843,0.055278783607631235,0.06734759392387696,0.10739550913012719,0.0975513331176471,55,0.32727272727272727,2,0.9375,0.5,0.27689652144908905,12.091876596212387,1.2955615818500519,10.40717476606369,0.00012205311031721067
1464,0.4665485857913154,0.587890625,0.6685621944242633,0.5200909419606363,22.119140625,1.666634933940383,0.03200707125643021,0.031836607520714516,512,635,73,31,46,1519,932,0.05463070403769412,0.06743275623175382,0.10458101614317106,0.09755672213898328,52,0.15384615384615385,0,0.0,0.0,0.0,11.954814225435257,1.2366473972797394,10.567838102579117,0.00012205308485135902
1472,0.4718091210233979,0.65234375,0.7559004732510426,0.5364374484021314,21.76171875,1.5669020288993165,0.03531042852137034,0.03569967166608803,512,604,71,34,39,1274,823,0.054771851611374635,0.0664203547376384,0.10727783850609596,0.09748893698820435,47,0.2765957446808511,4,0.875,0.4375,0.3736950606107712,13.029752135276794,1.2647156119346619,11.410268038511276,0.00012205305938550737
1480,0.4549553948454559,0.607421875,0.6624678356844305,0.550755586819095,23.50390625,1.646599896420854,0.03384951748739695,0.033621250629544526,512,689,62,31,45,1429,998,0.05465334535349766,0.06579721681467729,0.10661610344476269,0.09611783123939835,47,0.1702127659574468,0,0.0,0.0,0.0,12.429909825325012,1.3608167469501495,10.977780759334564,0.00012205303391965572
1488,0.4504384407773614,0.619140625,0.7347684355923187,0.513821413086119,23.02734375,1.54795569762689,0.03443182469709427,0.034509696500828954,512,684,83,34,38,1587,793,0.054972944085621485,0.06425470129868895,0.10417085480307198,0.09342178866964806,47,0.19148936170212766,0,0.0,0.0,0.0,12.512001603841782,1.4015376567840576,10.862304657697678,0.00012205300845380407
1496,0.45751407291390933,0.658203125,0.730766369047619,0.602308055088515,22.755859375,1.5334808634544497,0.03196377188612587,0.03194027381399346,512,669,83,17,46,1292,845,0.05218015450963626,0.06404076747024325,0.10186031053695699,0.09282059065090476,44,0.4772727272727273,3,0.8333333333333334,0.375,0.47291887799898785,12.148898601531982,1.2977141439914703,10.362911075353622,0.00012205298298795242
1504,0.4566297638230026,0.62109375,0.7529894533571004,0.4832437485387401,23.40234375,1.6075893661566338,0.030764047858610866,0.03109657523969843,512,698,73,34,49,1696,709,0.053047472956085674,0.06406897950808459,0.103964524281151,0.09364696567593067,42,0.30952380952380953,2,0.8125,0.375,0.14252753742039204,12.595502644777298,1.3816595077514648,10.93971762061119,0.00012205295752210077
1512,0.48117712694511283,0.623046875,0.680845235023247,0.5770251309855225,23.013671875,1.6433295237317465,0.033725280063663376,0.03408745193576529,512,689,64,24,39,1340,917,0.05191200686852278,0.06251331850359534,0.10134392061619346,0.09196499796788257,53,0.18867924528301888,0,0.0,0.0,0.0,12.134975105524063,1.3518922328948975,10.596422851085663,0.00012205293205624912
1520,0.47597199107985944,0.63671875,0.7080565955565956,0.5613387089312136,22.8515625,1.6048700819233723,0.03289689554731012,0.03263171618326195,512,697,57,19,39,1376,911,0.04994223330368601,0.061286066828122585,0.09798247220175571,0.08890153441809778,32,0.0625,0,0.0,0.0,0.0,11.938321977853775,1.3199709951877594,10.582781940698624,0.00012205290659039747
1528,0.48059987810847815,0.625,0.7300161275107395,0.5273365495391705,24.15625,1.6323389251938587,0.0377069890716939,0.038102076432165635,512,719,67,36,41,1567,806,0.05063579885957435,0.06037083932748715,0.09976971992219574,0.08891872163967698,39,0.1794871794871795,1,0.625,0.25,0.36531704664230347,12.757074654102325,1.3968173563480377,11.19810801744461,0.00012205288112454582
1536,0.4848944356490392,0.583984375,0.6407660628979945,0.525157792575072,22.59375,1.6969110364228137,0.029204738151747733,0.029223147877039196,512,671,56,27,47,1337,1089,0.05025434577851611,0.061085373189195505,0.09814835684330225,0.0882077959379394,55,0.18181818181818182,1,1.0,0.625,0.2037830352783203,13.677389234304428,1.3544608652591705,12.144028067588806,0.00012205285565869417
1544,0.45596722050686367,0.65625,0.6997175819252432,0.6116584564860427,23.193359375,1.5566630846340095,0.03274360518889807,0.03248024271299538,512,627,55,23,39,1200,917,0.048956459987266554,0.06084943382691005,0.0956423928481529,0.08889598630322151,47,0.1702127659574468,2,0.875,0.375,0.3729991167783737,11.9963039457798,1.3659619987010956,10.472869724035263,0.00012205283019284252
1552,0.46204474923433736,0.62890625,0.7148156173002509,0.5516833129171491,23.654296875,1.551732752134246,0.03785375276038394,0.03818176109677617,512,718,59,25,45,1498,826,0.04812345070039138,0.06060821345540529,0.09403218274233105,0.08797036693761015,59,0.2033898305084746,0,0.0,0.0,0.0,12.527131080627441,1.3772064447402954,10.935823023319244,0.00012205280472699087
1560,0.5013911899877712,0.615234375,0.7116936759869696,0.5149162737872416,22.47265625,1.6435798696028232,0.04869149265141459,0.04956743102747373,512,656,55,21,40,1354,881,0.04668797616590619,0.06016827856002701,0.09214329928419973,0.08832397648005164,57,0.19298245614035087,4,0.65625,0.25,0.37655067443847656,11.988325029611588,1.2750347554683685,10.434104770421982,0.00012205277926113922
1568,0.4772030930762412,0.638671875,0.6981018549566936,0.5702504630323035,23.587890625,1.6202902573540334,0.03363229762726405,0.033760152931614926,512,705,62,20,37,1406,839,0.0451480237743204,0.0587878355100955,0.0870276134702821,0.08602828188872838,51,0.3137254901960784,2,0.75,0.375,0.3146611899137497,12.594855636358261,1.404282420873642,10.805218607187271,0.00012205275379528757
1576,0.462065522064222,0.619140625,0.6996454859533401,0.5444288381415239,23.55859375,1.5556352912755789,0.027838072385662826,0.027852732715420398,512,724,62,38,40,1430,951,0.04705021419836997,0.05807390358665863,0.09032678867245159,0.08460230191123047,58,0.29310344827586204,1,1.0,0.625,0.23874510824680328,12.642830640077591,1.3573766648769379,10.943107068538666,0.00012205272832943592
1584,0.4641938353597652,0.65234375,0.7008965242532053,0.5989574699043554,22.892578125,1.5103746170546,0.02983065498722226,0.029684532349700806,512,671,62,19,40,1226,929,0.04567545280401537,0.05787293631707724,0.08929190463573966,0.0841936504347772,53,0.16981132075471697,3,0.75,0.3333333333333333,0.33151694138844806,12.087681651115417,1.3822807967662811,10.472963124513626,0.00012205270286358427
1592,0.48163953012772254,0.603515625,0.6846428838112306,0.5300161299622507,22.732421875,1.6168855574305279,0.03522128173949568,0.03488448354606498,512,658,63,32,32,1469,831,0.04656581597547037,0.05645811148437293,0.08977793442190496,0.08286271574491022,55,0.18181818181818182,1,0.875,0.5,0.33025816082954407,12.156825572252274,1.3051777780056,10.59878420829773,0.00012205267739773262
1600,0.47035013202548726,0.560546875,0.6187747242434742,0.4845477408799777,23.5390625,1.6503303187699854,0.03514196707828887,0.035292898815496083,512,763,63,34,49,1625,1161,0.04786048528043435,0.057116089348828065,0.09309893811610614,0.08324846800284452,63,0.19047619047619047,1,0.75,0.0,0.48858577013015747,14.63514992594719,1.3750763833522797,13.000620514154434,0.00012205264556541806
1608,0.4766187525674468,0.619140625,0.6974619867539493,0.5487907026954703,23.884765625,1.6338459579949176,0.032479290859555476,0.03266597510011332,512,746,67,35,51,1480,919,0.04944299562027009,0.05784540736390158,0.09658220552056695,0.08504023189668933,55,0.16363636363636364,3,0.9166666666666666,0.3333333333333333,0.4102662702401479,12.684799700975418,1.385761022567749,11.11733302474022,0.00012205262009956641
1616,0.4362102461309405,0.66796875,0.762410924442705,0.5687365900097162,24.03515625,1.522873182404002,0.028228683298607393,0.02869245751082258,512,689,59,34,23,1348,856,0.05001771612953448,0.05468163471698828,0.09726807360118606,0.08071021833128239,42,0.40476190476190477,0,0.0,0.0,0.0,12.663256287574768,1.4084886014461517,10.878931194543839,0.00012205259463371476
1624,0.46300893276929855,0.638671875,0.707657004154849,0.5687863747417766,23.421875,1.5847063783958069,0.030534455927409,0.03091852487179289,512,740,61,35,47,1340,955,0.05104780170376972,0.054949027623839075,0.10056377502831204,0.08032391800133332,51,0.17647058823529413,4,0.84375,0.375,0.3732159845530987,12.51151117682457,1.3933938443660736,10.822185456752777,0.00012205256916786311
1632,0.45723292150796624,0.611328125,0.6839035477006709,0.5324751015209463,24.33203125,1.5401068787832566,0.033900917719392965,0.03434071051398382,512,807,52,32,35,1473,1065,0.051741288145518274,0.05342079503509268,0.10101507878608751,0.07849769828017653,48,0.14583333333333334,2,0.75,0.375,0.391580268740654,12.992364078760147,1.3870908915996552,11.384140074253082,0.00012205254370201146
1640,0.4781320561742177,0.603515625,0.6574426017416536,0.5467489644099275,22.701171875,1.5869138516912034,0.042726954168983866,0.043641586294744385,512,709,43,22,48,1295,1127,0.05035720866140289,0.0547719415202932,0.09969606836390033,0.07985457855930456,54,0.2037037037037037,1,0.875,0.5,0.25411975383758545,12.278453588485718,1.323482096195221,10.735683649778366,0.00012205251823615981
1648,0.4733066759072244,0.6328125,0.6917788377492324,0.5688197613600839,23.44921875,1.6042730576409232,0.03260960879197228,0.03290086342494116,512,756,54,21,40,1321,959,0.04857882848416057,0.05407873251741315,0.09580006970023869,0.07942759818096945,41,0.14634146341463414,1,0.75,0.125,0.3179874122142792,12.22178065776825,1.37728551030159,10.694169998168945,0.00012205248640384525
1656,0.4892613489937503,0.65234375,0.7056008334671718,0.6021826683280587,23.373046875,1.5564490515164668,0.02659323260149904,0.026490945518714636,512,702,62,32,38,1260,855,0.04934387026549117,0.05388369850166656,0.09639077045110878,0.07833080342453189,56,0.07142857142857142,2,0.875,0.375,0.4428822249174118,12.015091925859451,1.3519735038280487,10.580790609121323,0.0001220524609379936
1664,0.4928716467693448,0.669921875,0.7255265987372842,0.6132631901607848,23.69140625,1.6069563459223133,0.034973489891854115,0.03531221496786034,512,715,58,39,38,1116,923,0.05061762518142919,0.053515207722473125,0.09684896375905994,0.07828272235957559,51,0.1568627450980392,0,0.0,0.0,0.0,13.507119357585907,1.3704544007778168,11.962278664112091,0.00012205243547214195
1672,0.46655656267830636,0.634765625,0.6737108456215212,0.59621253996254,23.84375,1.545401936479304,0.03120433226104069,0.03134267498763933,512,731,48,34,41,1215,1035,0.05185789776350714,0.05350103299537848,0.10167523301253567,0.07821649160928706,47,0.425531914893617,1,0.875,0.25,0.48693960905075073,12.778937250375748,1.4574526846408844,10.886089414358139,0.0001220524100062903
1680,0.45162976862775395,0.607421875,0.6864913935597048,0.544084480374803,24.005859375,1.5343206383571026,0.03500284927542907,0.03567311013350061,512,772,53,28,46,1499,1075,0.05145165622421122,0.05355069832918828,0.10134178579939168,0.07877285444911394,56,0.23214285714285715,2,0.875,0.4375,0.25655464828014374,12.992296516895294,1.4218531847000122,11.273786813020706,0.00012205238454043865
1688,0.4717124991584569,0.58984375,0.6653964397559713,0.5181040791252338,23.21484375,1.5963764153081583,0.034725494115264155,0.03494350921320478,512,700,58,23,53,1452,1043,0.05015410057229597,0.055553730149969435,0.09839125401321991,0.08102961962206937,54,0.24074074074074073,1,0.5,0.125,0.3698793649673462,12.625315070152283,1.3884398937225342,11.0170156955719,0.000122052359074587
1696,0.4596664033597335,0.615234375,0.7103352721563929,0.5247769830743969,23.25,1.5517647651375395,0.034036062825180124,0.034446535601055275,512,730,65,28,46,1494,873,0.04958647529328753,0.05600083417389686,0.0972958557282545,0.08073243806069996,52,0.15384615384615385,1,0.875,0.25,0.2221709042787552,12.34615808725357,1.3744697868824005,10.836286038160324,0.00012205233360873535
1704,0.4532563289976679,0.599609375,0.7095302504656282,0.4737393577375195,23.689453125,1.569247208172448,0.03458225061467601,0.035143061940876984,512,725,48,21,35,1526,912,0.04778094558568917,0.05470990346579331,0.09336970355596019,0.08015991998278038,52,0.15384615384615385,1,0.625,0.25,0.30079853534698486,12.651160269975662,1.4159687757492065,11.037864863872528,0.0001220523081428837
1712,0.48091107883374207,0.607421875,0.6862172674656317,0.5265365595106974,23.794921875,1.5784735927957305,0.038628858848824166,0.038779165252785866,512,751,33,24,56,1482,975,0.04736232371525534,0.05656968428340584,0.09299729949920754,0.08021347025011025,46,0.2608695652173913,1,0.875,0.5,0.42089903354644775,12.830162674188614,1.4253533482551575,11.1019926071167,0.00012205228267703205
1720,0.4772435900522396,0.630859375,0.7057396974841796,0.5504972414689809,24.08984375,1.6164512444913854,0.03079654106659291,0.03094926731304977,512,760,53,39,38,1379,932,0.04916010707396922,0.05552899206047346,0.096472616709942,0.08127264663706318,53,0.20754716981132076,0,0.0,0.0,0.0,12.661833792924881,1.4073894023895264,11.009638637304306,0.0001220522572111804
1728,0.46527866122778505,0.60546875,0.676766018907563,0.5364787581699346,22.890625,1.578077249447209,0.029130807432011352,0.029266252924320495,512,672,40,10,24,1461,973,0.04531478663318758,0.05267956605278581,0.08994900241631865,0.07742852285976737,54,0.14814814814814814,1,0.75,0.375,0.46790292859077454,13.858337134122849,1.3398745656013489,12.322581589221954,0.00012205223174532875
1736,0.4409113334113499,0.640625,0.7198347523255612,0.5588857021798137,23.287109375,1.5085599259817868,0.027724600316105352,0.027687932995072956,512,714,49,16,35,1266,875,0.04334364130250323,0.051904678288046305,0.08520461243574062,0.07585640681004005,38,0.3157894736842105,2,0.9375,0.5625,0.48070649802684784,12.097120195627213,1.3270756900310516,10.494675070047379,0.00012205219991301419
1744,0.4381219476344995,0.59375,0.6618131681393864,0.525678588884234,23.85546875,1.503911876851866,0.035305105073348386,0.035892362326504085,512,771,41,29,34,1501,1090,0.043991558317149605,0.05084548929968363,0.08602404825949994,0.07365986971819236,57,0.42105263157894735,2,0.6875,0.1875,0.40353578329086304,13.112489610910416,1.402407556772232,11.27258387207985,0.00012205217444716254
1752,0.4637230150983669,0.630859375,0.729877159526116,0.5347757111157794,23.822265625,1.5130179468802507,0.03316183706920128,0.03322314607621163,512,753,49,24,41,1490,876,0.04341485030379392,0.05075260418736315,0.08579586950128892,0.07301172053649604,45,0.3111111111111111,1,0.625,0.125,0.38864269852638245,12.715513795614243,1.3978110253810883,10.998425036668777,0.00012205214898131089
1760,0.44327516468183603,0.58203125,0.6389043868381612,0.5280438311688311,23.93359375,1.5620888248096505,0.031043393870277214,0.031239984057198005,512,758,46,28,40,1544,1087,0.04391496534510334,0.050506177400279184,0.08631450799695561,0.07439287205414666,61,0.29508196721311475,2,0.6875,0.3125,0.35547124594449997,13.121456146240234,1.4365959465503693,11.345617145299911,0.00012205211714899633
1768,0.45444555465655867,0.58984375,0.6718589163812874,0.5047907504554596,23.185546875,1.5465485655579712,0.032346426054573385,0.03260164316798024,512,757,42,14,28,1491,1036,0.04161222231103054,0.04869800411060332,0.08183691761874479,0.07184452896108234,59,0.11864406779661017,0,0.0,0.0,0.0,12.493022233247757,1.3880720138549805,10.997226655483246,0.00012205209168314468
1776,0.4422086639387999,0.6171875,0.6954410173160173,0.5058147169694723,24.134765625,1.4874953617602995,0.03715702107092511,0.03750711039678775,512,786,58,24,23,1434,1004,0.041748072685626456,0.04626067265577262,0.08123372305622778,0.06798754757716338,47,0.2978723404255319,1,0.875,0.5,0.40903720259666443,12.953653037548065,1.4253518879413605,11.176263868808746,0.00012205206621729303
1784,0.4392447243008064,0.59375,0.6693177654746474,0.5121114158829676,24.599609375,1.494806278742234,0.032082522815017,0.033031525336475465,512,832,42,18,32,1503,1186,0.04047500866646356,0.045159624867306444,0.0800759136458582,0.06629712928462794,52,0.36538461538461536,5,0.8,0.2,0.4040543556213379,13.495226413011551,1.440483182668686,11.644995421171188,0.00012205204075144138
1792,0.46290698589291424,0.654296875,0.7234413771712158,0.5911548381314249,23.84765625,1.4847079250873167,0.03624327119541704,0.036568849434064674,512,740,54,14,23,1313,842,0.03877576231766177,0.04337769248621575,0.07630649268985734,0.0641586188016543,44,0.20454545454545456,1,0.875,0.5,0.24879056215286255,13.892116069793701,1.4278379678726196,12.238740116357803,0.00012205201528558973
1800,0.4649120563699398,0.56640625,0.6984653575822584,0.4252748702562732,23.775390625,1.5923408830385273,0.027750886120657015,0.02781070421486112,512,804,46,15,38,1835,926,0.03728638483492292,0.04351237527973976,0.0733959105232731,0.06404041343433015,63,0.2222222222222222,2,0.8125,0.25,0.39810293912887573,13.69540423154831,1.621731698513031,11.67939704656601,0.00012205198981973808
1808,0.45820392784662545,0.625,0.7035425846578864,0.5430190508599083,23.26953125,1.5953396052888968,0.03364631868316792,0.033652501952009875,512,716,41,28,36,1364,914,0.038165388113534184,0.044118468647349744,0.07603917083661538,0.06478344895165317,45,0.26666666666666666,0,0.0,0.0,0.0,12.315783232450485,1.4326655268669128,10.725710958242416,0.00012205196435388643
1816,0.43511181653593667,0.693359375,0.7589323169015474,0.6182884517443341,22.908203125,1.4533735779444972,0.02910807608259347,0.02940928627957433,512,677,36,16,31,1126,784,0.03695882081147874,0.044075496861952834,0.0727551617508645,0.0645958635169323,43,0.20930232558139536,2,0.6875,0.3125,0.276503749191761,11.68370035290718,1.3275071680545807,10.106041580438614,0.00012205193888803478
1824,0.46849918202497065,0.6328125,0.6709967503197727,0.5979398405635892,24.041015625,1.5058183891140107,0.03645083208903088,0.03714559939772169,512,756,36,22,36,1201,1107,0.037097322811506774,0.04428228561721011,0.07395209106130685,0.06543111549240535,51,0.37254901960784315,1,0.75,0.375,0.1400538980960846,12.643297225236893,1.4234365224838257,10.909223705530167,0.00012205190705572022
1832,0.4776849738209421,0.58203125,0.6449621877975535,0.5013963314794517,22.861328125,1.6334776012468926,0.03252965919614326,0.032996180946906636,512,656,51,14,32,1325,1131,0.03533698940410605,0.04444603735259913,0.07003620162896662,0.06519493963236672,50,0.14,0,0.0,0.0,0.0,13.43728643655777,1.621251404285431,11.677250564098358,0.00012205188158986857
1840,0.4500908125305614,0.66015625,0.7156001810707362,0.605038325001371,23.9453125,1.4353136460913136,0.02525014660841407,0.025354528411448626,512,762,41,23,35,1231,929,0.03613273870071072,0.0444398039325498,0.07026545825937724,0.06473731281280129,44,0.3181818181818182,1,0.75,0.25,0.39518439769744873,13.549967169761658,1.5922106504440308,11.62888702750206,0.00012205184975755401
1848,0.46313314246253867,0.576171875,0.6972277116878144,0.46639697407952985,23.126953125,1.544376560650606,0.032647122743014734,0.032803475195102245,512,759,40,20,34,1693,843,0.036003112214479355,0.04422346960305864,0.0704414999441233,0.06489601497329281,40,0.175,1,1.0,0.625,0.42055243253707886,13.485954135656357,1.5296191573143005,11.825874388217926,0.00012205182429170236
1856,0.4443579378803406,0.58984375,0.6654625861942935,0.5009607293127629,24.447265625,1.520687002495385,0.03820229568850664,0.03913425092487152,512,819,39,26,30,1526,1123,0.03731547924742551,0.04310138218817344,0.07345281146459248,0.06371693768732792,51,0.13725490196078433,1,0.5,0.125,0.4586685001850128,15.986966520547867,1.66049525141716,14.178281277418137,0.00012205179882585071
1864,0.458918677726615,0.64453125,0.6973065476190476,0.5811591419834954,22.986328125,1.4592985897119217,0.03154623795342104,0.0319024955054273,512,674,34,19,21,1283,901,0.03713051302383406,0.04152471798577452,0.07264863089079976,0.061584776890754866,42,0.23809523809523808,2,0.8125,0.375,0.36537423729896545,13.11595430970192,1.568630963563919,11.253411203622818,0.00012205177335999906
1872,0.4743229607702233,0.62109375,0.7263585577004694,0.49485816747444256,23.9765625,1.5062992886180098,0.03588691059121629,0.03639617972764985,512,782,40,28,36,1522,914,0.038566176248792924,0.0417818522351749,0.07545545475504745,0.0613855139909327,52,0.19230769230769232,0,0.0,0.0,0.0,13.661698073148727,1.5358725488185883,11.926495343446732,0.00012205174789414741
1880,0.4539089999452699,0.654296875,0.7330945504003912,0.5553705364215973,24.341796875,1.5812628666564557,0.030571237022741116,0.031055062896677813,512,758,47,18,31,1292,873,0.037260630371656396,0.041498604605961886,0.07380138562105187,0.06148064563827094,48,0.22916666666666666,1,0.875,0.25,0.3866256773471832,13.707525908946991,1.6393794119358063,11.806554734706879,0.00012205171606183285
1888,0.4340359960333444,0.619140625,0.7457482488636384,0.5112100654089817,23.900390625,1.4478687999229447,0.030362244775460567,0.030736913792278487,512,752,45,20,39,1678,725,0.03717492155559762,0.042272378304460956,0.07273551649405752,0.06199578698717256,40,0.3,1,0.625,0.25,0.22833195328712463,13.88292133808136,1.5958218574523926,11.976069003343582,0.0001220516905959812
1896,0.422460634727031,0.638671875,0.7146739714561546,0.5455406577871081,23.66015625,1.3686672379250766,0.033752118088614225,0.03425617022183593,512,773,35,23,25,1359,955,0.037579652187972906,0.04082285677734734,0.07352718721245566,0.05998834427571956,48,0.3333333333333333,1,0.875,0.25,0.38407576084136963,13.691619247198105,1.5553131997585297,11.744227051734924,0.00012205165876366664
1904,0.44605559136834927,0.61328125,0.6854598551704814,0.5506724397033891,23.578125,1.4719036621155754,0.03839946400421468,0.03886984309726246,512,754,47,24,26,1397,1041,0.03812695644582892,0.039839319422723125,0.07549456998670778,0.05824359982126942,55,0.2727272727272727,0,0.0,0.0,0.0,13.79222097992897,1.5425229668617249,11.929624885320663,0.00012205163329781499
1912,0.47600558030535467,0.634765625,0.7051167883377283,0.5654566905448093,24.3828125,1.546768708143831,0.0270809453709262,0.02709554591590506,512,785,49,21,39,1378,987,0.03771300071013002,0.04086359368616973,0.07335871752920331,0.06020206977293574,48,0.22916666666666666,0,0.0,0.0,0.0,13.97433415055275,1.663781464099884,12.073460698127747,0.00012205160783196334
1920,0.4416125479328912,0.59375,0.668193528848321,0.5316220238095237,24.119140625,1.517064730131315,0.03280864125406424,0.032951778146236795,512,839,53,34,41,1540,1109,0.039964843654715594,0.04136580111454433,0.07908148550649596,0.061325792297340725,43,0.18604651162790697,0,0.0,0.0,0.0,16.034388810396194,1.6799939572811127,14.228148937225342,0.00012205158236611169
1928,0.40826433975598775,0.59765625,0.7096714345045825,0.49035285285285285,24.990234375,1.424893343911191,0.031999262830368025,0.032246000788124125,512,889,34,25,38,1828,884,0.04020352155320829,0.04138480744037264,0.08001530314991379,0.061173645934674725,42,0.2857142857142857,0,0.0,0.0,0.0,14.705134928226471,1.7233733832836151,12.762023627758026,0.00012205155690026004
1936,0.43812935217283666,0.642578125,0.7273450049659727,0.549805120346916,23.701171875,1.444484960897676,0.030162720799125964,0.030547470888464198,512,763,42,20,30,1364,858,0.039414001136474176,0.041155296983955446,0.07711101485326666,0.06092148678929485,62,0.22580645161290322,0,0.0,0.0,0.0,13.633690059185028,1.5636455416679382,11.727523803710938,0.00012205152506794548
1944,0.43352657320792787,0.58984375,0.6873580666336507,0.49960995781241957,24.162109375,1.4750432488144738,0.030624635313870385,0.03077959916436975,512,856,38,34,22,1637,977,0.04165036753544559,0.03912633553856346,0.08191117860727604,0.05795477817557865,61,0.16393442622950818,1,0.875,0.5,0.2867088317871094,14.26612213253975,1.6352928280830383,12.394344240427017,0.00012205149960209383
1952,0.4456153937499039,0.591796875,0.6683330652080652,0.5239614786326716,23.560546875,1.5154139290242132,0.03462170159400557,0.03480670770998761,512,753,53,29,36,1516,1021,0.04278930749476939,0.03986048441143361,0.08284573143364482,0.05795653912200899,52,0.38461538461538464,3,0.75,0.25,0.42349720001220703,13.961125761270523,1.559628814458847,12.0381118953228,0.00012205146776977926
1960,0.4441287477966398,0.58203125,0.677556779307857,0.489996886427561,23.8046875,1.5153646102473644,0.031347694541182136,0.031865450167395365,512,799,51,20,36,1510,1115,0.041985065256297,0.039941699486584305,0.08348383971298501,0.05864588888395561,47,0.2127659574468085,1,0.75,0.25,0.4265366494655609,14.043845027685165,1.6216582357883453,12.26092666387558,0.00012205144230392762
1968,0.4370427200337872,0.630859375,0.7148365589590435,0.5502894601788695,23.373046875,1.4408816968775646,0.03179494205687661,0.03259050848733281,512,767,37,20,27,1410,868,0.04108521112726197,0.039180436574843255,0.08126463209744783,0.058099619757414595,46,0.32608695652173914,2,1.0,0.5,0.2883017212152481,13.465283632278442,1.5398251116275787,11.567447692155838,0.00012205141683807597
1976,0.4291135407765978,0.630859375,0.7469578581708378,0.513047319876957,24.4765625,1.4427289420298117,0.027121180925178123,0.02726134167878297,512,831,30,19,32,1580,793,0.040397682254633964,0.038827064687951086,0.0799252213471916,0.056876664624138845,41,0.2926829268292683,0,0.0,0.0,0.0,13.891825586557388,1.6413875222206116,12.075375527143478,0.00012205139137222432
1984,0.44503905544115696,0.646484375,0.7352523298591848,0.5554767412422773,24.3984375,1.546983189861077,0.027447971850506292,0.027668965531228433,512,768,47,14,26,1392,871,0.03873029886819721,0.03808354014492883,0.07452621874009313,0.055356864670946915,45,0.2222222222222222,0,0.0,0.0,0.0,15.6317840218544,1.642292857170105,13.756229519844055,0.00012205135953990975
1992,0.437174427730497,0.583984375,0.6662525939185463,0.5096047766306387,24.384765625,1.5141121007973068,0.03196946547177504,0.0326142285797324,512,865,47,15,28,1678,1018,0.03722337896631672,0.037158484248900225,0.07419853679599331,0.05514088375290621,55,0.10909090909090909,2,0.8125,0.375,0.4483206123113632,14.430653423070908,1.6422074437141418,12.572942733764648,0.00012205132770759519
2000,0.43028552884061355,0.599609375,0.7272010955650763,0.47672834110334106,23.45703125,1.4709303872637651,0.030807160146650858,0.031059315436810966,512,753,51,16,23,1631,744,0.03637247267866232,0.03641454715163974,0.07073505345580622,0.05401720719674344,50,0.36,1,0.875,0.375,0.31054991483688354,13.844702005386353,1.5979548394680023,11.793959319591522,0.00012205130224174354
2008,0.41401815188874025,0.560546875,0.6772501046189028,0.45201131161164365,24.140625,1.50298837752276,0.029568570133051253,0.02986431977130459,512,856,47,12,30,1889,963,0.034548256877690135,0.03600103780884727,0.06849019063669559,0.05279318020158302,54,0.2962962962962963,1,0.75,0.375,0.4407297670841217,14.591390311717987,1.606081485748291,12.688808023929596,0.00012205127677589189
2016,0.4512790584121831,0.6171875,0.7188350832474819,0.5057496606396426,23.154296875,1.5230139347871319,0.044686641655061976,0.04542007160565034,512,706,32,11,28,1415,789,0.03291676968673535,0.03627794866649158,0.06312838386956043,0.05263962935936811,49,0.1836734693877551,0,0.0,0.0,0.0,13.015290647745132,1.5324137210845947,11.371748000383377,0.00012205125131004024
2024,0.495891394210048,0.5859375,0.6845749728281532,0.4858590403849024,24.650390625,1.5047274922455105,0.06188480028504273,0.06260146037550268,512,812,48,55,44,1541,981,0.0385871856897433,0.03839910077164657,0.07549649812542547,0.05459546144132435,57,0.2982456140350877,1,0.875,0.5,0.3679724335670471,14.638618916273117,1.6759464144706726,12.52361461520195,0.00012205121947772568
2032,0.4994196485931752,0.517578125,0.6319146414559721,0.42016721704221704,24.638671875,1.512467910529914,0.046164994649227964,0.04617086441180246,512,889,51,15,55,1939,1253,0.037148943151728474,0.040940663732237606,0.07358298666203178,0.06003484530571182,53,0.32075471698113206,1,1.0,0.5,0.30265337228775024,15.349461734294891,1.6130672991275787,13.326060831546783,0.00012205119401187403
2040,0.44943684033933096,0.517578125,0.5953242607526882,0.43778601912793086,23.736328125,1.6251154735205895,0.028718973035211093,0.028886148097119323,512,847,50,13,47,1831,1260,0.035637375036945564,0.04240301375548968,0.07016802969674396,0.0626174392949041,59,0.1016949152542373,1,0.875,0.375,0.4904426038265228,14.634351700544357,1.6246120929718018,12.863415569067001,0.00012205116217955947
2048,0.4367213630466722,0.625,0.7308634061769856,0.5198403970581389,23.12109375,1.4925020039228136,0.026370395835328964,0.026308707075623612,512,744,41,11,26,1401,862,0.0338604031162499,0.041324187337806746,0.06714086603002245,0.06137686757943117,42,0.11904761904761904,1,0.625,0.125,0.3176906406879425,14.667984873056412,1.55393585562706,13.024476557970047,0.00012205113671370782
2056,0.42055589107621927,0.654296875,0.7442102889390811,0.553038752613056,23.998046875,1.4353748127291,0.032421371066448046,0.03289836941007526,512,741,37,22,34,1351,857,0.03465993125535928,0.04172942462420778,0.06737789378817105,0.06133662194278039,38,0.42105263157894735,1,0.5,0.0,0.37024298310279846,13.649574339389801,1.6149939894676208,11.804792582988739,0.00012205111124785617
2064,0.4295711586601101,0.638671875,0.7545475402234137,0.4854389647708613,23.82421875,1.439004697724097,0.028445678525486073,0.028645056412070966,512,772,42,18,19,1438,846,0.0343053582535561,0.03962359551558933,0.06848526082312567,0.05884619863621643,49,0.24489795918367346,2,0.75,0.3125,0.2899596691131592,13.72298389673233,1.6500431299209595,11.78714370727539,0.00012205107941554161
2072,0.4412284165737219,0.6171875,0.6961340323267501,0.54061108236719,23.822265625,1.5065550324018233,0.029080903261274216,0.029462167494122084,512,808,39,15,30,1438,981,0.033313022907508594,0.03906210333668459,0.06653833459956215,0.05766288455369428,51,0.21568627450980393,1,0.75,0.375,0.41668757796287537,13.897818922996521,1.6521759927272797,12.011862933635712,0.00012205105394968996
2080,0.42217400261142757,0.603515625,0.6943869628641925,0.5089906277406278,24.18359375,1.4984316720605262,0.028525459229967964,0.02898659305679145,512,858,40,7,23,1569,1042,0.03093018787961431,0.03736900801840237,0.0618549982428821,0.05539004368980535,47,0.3191489361702128,3,0.7916666666666666,0.3333333333333333,0.4023979802926381,14.502785235643387,1.7476732730865479,12.375294953584671,0.0001220510221173754
2088,0.4253992456906417,0.63671875,0.6622887455124297,0.6031851228055753,23.51953125,1.4536328018921987,0.02986830258646478,0.03003308121623237,512,776,46,12,30,1124,1184,0.02953901338306135,0.03725930184669263,0.05773598584953943,0.05469424723000543,54,0.48148148148148145,4,0.71875,0.34375,0.2945300452411175,13.710237085819244,1.5593836307525635,11.616460114717484,0.00012205099665152375
2096,0.4102514278201852,0.60546875,0.7206310301898537,0.4949998553320054,25.388671875,1.4606835466755248,0.02724940033931489,0.02756951738016643,512,932,35,15,16,1719,928,0.029349437352355567,0.03481669102289428,0.05826775236045334,0.05192593677028837,39,0.15384615384615385,2,0.75,0.375,0.4313131719827652,14.58583015203476,1.6844784021377563,12.707915425300598,0.0001220509711856721
2104,0.4190644053014694,0.5703125,0.6892516836057265,0.4596467156209803,23.98046875,1.4592606498472973,0.03140176660417637,0.03175330794442871,512,819,34,20,30,1727,929,0.03022369078229673,0.03466891637342807,0.05999069852983352,0.0514691000706973,45,0.2,1,1.0,0.5,0.374656081199646,13.980191856622696,1.5846425294876099,12.203299105167389,0.00012205093935335753
2112,0.4343808435551182,0.60546875,0.6869361290944482,0.5304327133564749,23.390625,1.490293703812315,0.029821228015663337,0.030248130340392858,512,725,31,7,21,1447,958,0.02799012330545824,0.03400364230406125,0.056060306226339396,0.05066183456782972,52,0.3269230769230769,0,0.0,0.0,0.0,14.247927784919739,1.4155474305152893,12.414111942052841,0.00012205090752104297
2120,0.41578089189715683,0.568359375,0.6654819642722869,0.46468601559004297,22.9765625,1.4871955153569938,0.03229872992960736,0.03248237627365218,512,759,37,16,37,1598,1003,0.02802803006063509,0.03553624404211965,0.05520029036509155,0.05189745993722042,53,0.3584905660377358,0,0.0,0.0,0.0,12.65644484758377,1.3144503831863403,11.038809388875961,0.00012205088205519132
2128,0.4286996755254222,0.61328125,0.7323783111259392,0.515196323315777,24.412109375,1.441983486882115,0.035136963720105996,0.035826668406829604,512,866,30,21,37,1711,823,0.029331691624995642,0.03622095612481767,0.05606481202559155,0.05310774634757079,60,0.4166666666666667,3,0.8333333333333334,0.3333333333333333,0.26384083181619644,13.303366750478745,1.428059071302414,11.48493179678917,0.00012205085658933967
2136,0.4173514092399273,0.615234375,0.6700315463543214,0.5637869867149758,24.26171875,1.4273531451055321,0.03182642367471544,0.03213138946527283,512,867,35,17,25,1357,1150,0.02929512176814851,0.035198752584187296,0.058160657176045794,0.051486316359037415,43,0.13953488372093023,0,0.0,0.0,0.0,12.865547895431519,1.4005617797374725,11.35742038488388,0.00012205082475702511
2144,0.4318519411899615,0.62109375,0.7013179527570974,0.5367701445203306,24.54296875,1.485510430013779,0.03251440416170226,0.03284053858262656,512,823,36,30,34,1431,1005,0.03212451554158914,0.03569290952801497,0.06327301307886912,0.05253697039679009,45,0.4666666666666667,1,0.875,0.5,0.40053799748420715,13.156691759824753,1.4471826553344727,11.400717437267303,0.00012205079292471055
2152,0.4332043394242646,0.62109375,0.7264969189044141,0.5192346394908065,23.21875,1.4934466196170835,0.03205747145875648,0.03220530880554673,512,756,39,9,22,1503,842,0.030298314708469862,0.034625045150512006,0.0596784963770467,0.05067529750440561,59,0.1864406779661017,1,0.875,0.375,0.4346432685852051,12.413636296987534,1.3590363562107086,10.769043952226639,0.0001220507674588589
2160,0.4202599481504876,0.62109375,0.6827156855427647,0.5574255786853117,23.80859375,1.43747544602154,0.029819677754858276,0.030330287699759626,512,771,49,18,29,1314,1046,0.030593542941130238,0.03474284741315704,0.06071911456091417,0.050828811181938355,42,0.19047619047619047,0,0.0,0.0,0.0,12.573613375425339,1.37216517329216,11.06084656715393,0.00012205074199300725
2168,0.41987808456178755,0.61328125,0.7019428625102967,0.5263372190505791,23.888671875,1.4727358599713638,0.034968002342793625,0.03547481411048624,512,766,31,16,24,1415,977,0.030471245370535346,0.034086520535723204,0.06001917137903079,0.05059567979252408,45,0.4444444444444444,1,0.875,0.5,0.17553114891052246,12.806163519620895,1.4119175672531128,11.032883048057556,0.00012205071016069269
2176,0.42150950827635825,0.607421875,0.6997928595719545,0.5040800082469646,23.046875,1.4704318605865723,0.03486441859968181,0.03534875799475461,512,717,38,12,25,1466,956,0.029335794042958375,0.03392565849263301,0.058240852131858256,0.0497833034073627,54,0.2777777777777778,1,0.875,0.375,0.37733274698257446,13.802286267280579,1.3183898627758026,12.201406002044678,0.00012205067832837813
2184,0.40606419925461523,0.6015625,0.7109352538669427,0.4978843736908253,23.689453125,1.401697367752676,0.030550152838259237,0.030908271701831108,512,844,30,10,17,1617,862,0.028136412892448257,0.03233367026783319,0.05587455589970103,0.04827839593054703,57,0.3508771929824561,2,0.9375,0.5625,0.4541405141353607,12.811597108840942,1.3942264318466187,11.077859550714493,0.00012205065286252648
2192,0.41870077248313464,0.556640625,0.6479099930208801,0.47095945015797647,24.228515625,1.44289163081278,0.03260691130799387,0.03365058858784166,512,927,33,26,34,1828,1108,0.030119104774668923,0.03288467931507264,0.058026810641741755,0.04824519091568957,53,0.33962264150943394,2,0.5,0.0625,0.3944491595029831,13.711059540510178,1.4480957984924316,11.898842126131058,0.00012205062739667483
2200,0.42986180569278076,0.59765625,0.7098564249252837,0.47127718662201423,23.48046875,1.4524750229804164,0.034265923966813716,0.0344500234423554,512,822,40,16,42,1543,966,0.030076441774134974,0.03487969660019773,0.059700616132927875,0.051154494519761895,48,0.2916666666666667,0,0.0,0.0,0.0,12.69019129872322,1.3602432906627655,11.10787370800972,0.00012205059556436026
2208,0.4530249410599936,0.638671875,0.7035088788586774,0.5700176595749985,23.955078125,1.4614826323485515,0.04337205786669074,0.04493510266612473,512,830,39,24,20,1332,917,0.03155881370556228,0.03347854005311739,0.06216027630297982,0.04938897156087446,55,0.38181818181818183,0,0.0,0.0,0.0,12.620136797428131,1.3865287005901337,10.950490564107895,0.0001220505637320457
2216,0.41854093520669267,0.587890625,0.687917874872334,0.48947861942161164,23.62890625,1.3901983051888942,0.03401889535416558,0.03421837680652423,512,868,19,7,32,1576,975,0.02937810945508124,0.0340345262494182,0.058324283295321244,0.04979629062533458,48,0.3541666666666667,2,0.75,0.25,0.3706545829772949,12.854346573352814,1.3764001429080963,11.133096992969513,0.00012205053826619405
2224,0.4773238727648277,0.537109375,0.6627395663463425,0.40342069620875337,23.20703125,1.5550009305385943,0.03199512175342534,0.032227910091981046,512,843,31,13,33,1768,1090,0.02857449897915808,0.034734546388209026,0.056279189200686086,0.05181124498911799,65,0.23076923076923078,1,0.75,0.375,0.051343776285648346,12.996546804904938,1.3289879262447357,11.41144734621048,0.0001220505128003424
2232,0.4265849818548304,0.55078125,0.6616146981896507,0.43668794487760004,23.412109375,1.481115795184189,0.03653678397040494,0.03674568921942027,512,815,46,14,30,1747,1020,0.02808568417070706,0.03473631142044953,0.05486751875535745,0.05126435027468848,57,0.3508771929824561,1,0.625,0.25,0.49877026677131653,13.096022188663483,1.4048776030540466,11.407836765050888,0.00012205048096802784
2240,0.43332903951522894,0.56640625,0.6623906300999585,0.4831724423393685,23.68359375,1.4488279658918302,0.03239167472838744,0.03277342956808493,512,889,44,19,36,1718,1030,0.028869548953450404,0.03510883930544195,0.05779547192019929,0.052204934967643946,57,0.3157894736842105,2,0.875,0.4375,0.4691695272922516,14.84057155251503,1.3818712830543518,13.136604607105255,0.00012205044913571328
2248,0.4326285057759378,0.546875,0.6457886602917029,0.4401148503866157,23.716796875,1.5164356333372635,0.031251924512616824,0.03134319082917382,512,871,46,11,25,1677,1086,0.02702716340754804,0.034208186516723776,0.05277554965757647,0.05050822195231858,61,0.13114754098360656,0,0.0,0.0,0.0,13.044392198324203,1.3743558824062347,11.497671663761139,0.00012205042366986163
2256,0.4270143804315012,0.5859375,0.6924049805854242,0.490051155623861,23.603515625,1.4539849749365432,0.031194830938602536,0.031228166220400314,512,842,30,23,23,1714,825,0.0283989076751578,0.03320770103118079,0.05686706370874739,0.049036966934260295,43,0.20930232558139536,0,0.0,0.0,0.0,12.649070769548416,1.3101043105125427,11.188256651163101,0.00012205039183754707
2264,0.41300357070758764,0.578125,0.6894937224738655,0.4623280008503787,23.48828125,1.4141430261374932,0.03603841478599179,0.03647546922790965,512,859,44,8,23,1655,979,0.02662535663060212,0.03236547262834748,0.05336436938353262,0.0481109655907542,46,0.30434782608695654,1,0.625,0.25,0.47901758551597595,12.842366635799408,1.3208032548427582,11.266837030649185,0.0001220503600052325
2272,0.40881376681500115,0.57421875,0.6555529864937661,0.5143895764714089,23.09765625,1.4040796798375659,0.03523634651037355,0.035446426865682154,512,840,31,11,29,1623,979,0.025953558247471708,0.03249279979214366,0.0510990296926882,0.04792154785850489,56,0.39285714285714285,1,0.625,0.25,0.4927576780319214,12.909985512495041,1.4867463111877441,11.056416660547256,0.00012205033453938086
2280,0.4268263030098751,0.595703125,0.6672940535278897,0.5206279546718575,23.025390625,1.4568267149551706,0.036442051306949,0.036990253404567526,512,785,33,18,27,1437,1043,0.026548947828433287,0.03260037677182427,0.05227703228368519,0.04751898497495288,51,0.27450980392156865,1,0.875,0.5,0.27370965480804443,14.237602353096008,2.8047927916049957,11.143216282129288,0.0001220503090735292
2288,0.4021540966568864,0.595703125,0.6688543857638097,0.5244877251631284,23.564453125,1.408255659320674,0.031521617047928885,0.03176506477428388,512,823,38,13,23,1456,1082,0.026107898180219823,0.03202797609186752,0.05140446779983954,0.04712433886778283,53,0.5094339622641509,2,0.6875,0.3125,0.256489560008049,14.635922700166702,2.5411590337753296,11.4968441426754,0.00012205027087475173
2296,0.4167183486133581,0.568359375,0.6471666579406548,0.48296937367451453,24.236328125,1.3860231433452428,0.0330356656886579,0.03320623653688509,512,903,36,7,22,1682,994,0.02438373462622404,0.03105919718175469,0.048451602559549056,0.046370084692414854,62,0.46774193548387094,3,0.6666666666666666,0.20833333333333334,0.3756331205368042,15.2972272336483,2.696520656347275,11.836424708366394,0.00012205024540890008
2304,0.4231205577316359,0.5390625,0.6653428852601647,0.4178761096456105,23.0234375,1.518142502598629,0.034933980378525575,0.03501119179729159,512,837,39,20,22,1848,1005,0.02518869477554296,0.030396055674758584,0.0500462958596275,0.04467008201915351,63,0.2222222222222222,1,0.5,0.125,0.3162437975406647,15.842292100191116,2.4705183804035187,13.131868690252304,0.00012205021994304843
2312,0.4035779889818514,0.619140625,0.7445304004617241,0.4762567934782609,23.171875,1.4170599964041852,0.0330135414878896,0.033532872060625364,512,731,24,15,23,1516,802,0.02545440265586024,0.030473874443610913,0.051048222626251416,0.04496707792833354,58,0.2413793103448276,2,1.0,0.5,0.48570744693279266,13.822112768888474,2.475635528564453,10.957535028457642,0.00012205018811073387
2320,0.4042652235220885,0.626953125,0.7077463438943514,0.5466330975403555,23.189453125,1.3248714897651102,0.03404127609155694,0.03498078551779469,512,780,35,20,24,1428,918,0.026581912615729293,0.03038809483035633,0.05234223308468211,0.04491869650148814,44,0.20454545454545456,0,0.0,0.0,0.0,13.94748130440712,2.621857136487961,11.083001673221588,0.00012205015627841931
2328,0.43933386635035276,0.626953125,0.7411566037073136,0.517124503676146,23.876953125,1.4366872231463519,0.03501227806737006,0.035550576846187495,512,781,35,11,26,1492,785,0.025953405262284093,0.03059699691551744,0.050216545328837126,0.045329664809940495,46,0.2826086956521739,0,0.0,0.0,0.0,14.265805423259735,2.703112483024597,11.226274728775024,0.00012205013081256766
2336,0.4204496980528347,0.595703125,0.6998681070668737,0.49893970079572547,23.380859375,1.4869471293251229,0.032611606484351796,0.03284266798009589,512,842,40,12,24,1602,942,0.02548413197049728,0.030170692972754605,0.0506312461220918,0.04481274185827763,57,0.14035087719298245,0,0.0,0.0,0.0,14.05727407336235,2.531795382499695,11.339209586381912,0.0001220500989802531
2344,0.41957880194240715,0.568359375,0.6379418280879974,0.4836595921724317,24.16796875,1.4219853930682567,0.030814231256954372,0.03136379934661608,512,985,31,18,19,1681,1101,0.026038140686638202,0.028667127088684206,0.050818840628500506,0.04304716608847789,56,0.3392857142857143,1,0.75,0.375,0.40315330028533936,15.245391696691513,2.724049597978592,11.980014115571976,0.00012205006714793853
2352,0.441961839384021,0.576171875,0.6335306360215573,0.5155509931245226,22.9453125,1.4648834584657195,0.04241655866326255,0.043437632251148314,512,792,28,12,28,1457,1060,0.025446012702867192,0.02927021854427776,0.050094252411648554,0.04292552844965722,45,0.28888888888888886,2,0.875,0.3125,0.35187870264053345,14.0496107339859,2.586543470621109,11.125278651714325,0.00012205004168208688
2360,0.4184067157912068,0.59375,0.6743035051858581,0.5067345086285657,23.880859375,1.422291070144595,0.030033444661967224,0.030182683432570856,512,871,39,7,28,1509,1063,0.024008439230403574,0.02940190924282473,0.04770765391142495,0.0434979310933139,48,0.3125,0,0.0,0.0,0.0,14.718949675559998,2.8361453115940094,11.499129951000214,0.00012205000984977232
2368,0.42761708720354363,0.642578125,0.7473941905949693,0.5354624278841547,23.611328125,1.4523386726580272,0.027520063026713615,0.027988868798702056,512,777,27,16,17,1494,752,0.024731562502115702,0.02856303751082162,0.049140842729461065,0.04232221792264093,52,0.36538461538461536,2,0.6875,0.25,0.3443450778722763,15.537134170532227,2.694429636001587,12.417654484510422,0.00012204997801745776
2376,0.40462739614304155,0.58203125,0.6489566207568849,0.524348928666363,23.85546875,1.418287449566871,0.03461049519228254,0.03505502687613821,512,852,38,13,20,1566,997,0.02466889168403713,0.027778201395193266,0.049016675480793914,0.04131821617170375,59,0.4576271186440678,1,0.5,0.125,0.3978119492530823,14.754872441291809,2.6468065083026886,11.633569657802582,0.00012204995255160611
2384,0.4164859276788775,0.591796875,0.6666031244504875,0.511639448082572,23.33203125,1.3547497531385542,0.04190908493455936,0.04247468744231786,512,835,36,18,31,1517,1021,0.025610067138798195,0.029043259936074747,0.049536588316311136,0.0425431662512426,48,0.5,1,0.75,0.25,0.4568060636520386,14.50751981139183,2.5492444038391113,11.32684063911438,0.00012204992071929155
2392,0.42223971712519415,0.55078125,0.6466670448821099,0.4370708334122968,23.904296875,1.5387930687936207,0.031247460303347907,0.03140882159053897,512,904,35,21,33,1716,1106,0.026924075319014182,0.02962593887463824,0.05014410851555395,0.042840295130400496,62,0.27419354838709675,0,0.0,0.0,0.0,15.137135058641434,2.754460722208023,11.925168186426163,0.00012204988888697699
2400,0.41697418519470375,0.638671875,0.7679956687230394,0.5262975356738621,22.83203125,1.4154367296158594,0.034818141974938044,0.035127555702697155,512,774,38,11,24,1531,711,0.025905458223164868,0.029665966247633038,0.05100382988878893,0.04394669180312846,51,0.47058823529411764,2,0.5625,0.125,0.372934952378273,13.994470864534378,2.464158982038498,10.84241995215416,0.00012204986342112534
2408,0.3975876965560019,0.62890625,0.7212328861404873,0.5276866241178566,24.28515625,1.3452325201558932,0.032032397922261424,0.032232492103368815,512,845,43,27,32,1464,923,0.027733993732005732,0.030493045415225357,0.05555464527044274,0.044858246059543916,43,0.4186046511627907,1,0.625,0.25,0.3161557912826538,14.698378026485443,2.6827948689460754,11.47373342514038,0.00012204983158881078
2416,0.4300472605682444,0.595703125,0.6741871689921562,0.4999901724543663,25.216796875,1.3984689524477019,0.04253528742265189,0.0434643342580687,512,926,27,19,30,1517,1101,0.028630656970344198,0.030734743690211126,0.0559436541493441,0.04579922282724297,63,0.3968253968253968,2,0.625,0.1875,0.2843271791934967,15.522590070962906,2.7412285208702087,12.159922301769257,0.00012204979975649621
2424,0.41932425608683843,0.53515625,0.6421066602316603,0.43645137800183437,23.978515625,1.487874267286946,0.03514318486122647,0.0354252312982004,512,890,32,18,45,1903,1071,0.02842362775167451,0.032825723660674565,0.05691583902248476,0.04782015078251933,68,0.36764705882352944,3,0.7916666666666666,0.4166666666666667,0.43895859519640607,15.348345667123795,2.645943373441696,12.187352508306503,0.00012204977429064456
2432,0.4011128471174743,0.578125,0.6646626601535222,0.5014038184897318,23.830078125,1.3878999262129144,0.03323343798547285,0.03396435677617368,512,920,27,10,26,1671,1012,0.027057309166113232,0.03218468593659535,0.05421805688895964,0.047428485246787194,58,0.4482758620689655,3,0.7083333333333334,0.3333333333333333,0.4316946764787038,16.295934200286865,2.553804874420166,13.091186314821243,0.00012204973609186709
2440,0.39477478721528314,0.59765625,0.6756739849718978,0.513463771222392,23.541015625,1.37545882191122,0.03580585869713104,0.03622414476067437,512,843,39,12,26,1556,981,0.026479111121294,0.032073577079414294,0.05259992801089819,0.04683217940894219,50,0.5,4,0.96875,0.40625,0.4041498973965645,14.846167266368866,2.657202810049057,11.444870293140411,0.00012204971062601544
2448,0.4043334707530448,0.591796875,0.6779890254935628,0.5166625027815825,24.021484375,1.36687066598757,0.030850495238155418,0.031052686119276907,512,858,32,12,24,1650,1004,0.026021304031220664,0.03130984245956619,0.05216990684316647,0.04619546701026209,49,0.5306122448979592,4,0.71875,0.28125,0.2048920951783657,14.910530924797058,2.614945203065872,11.668688863515854,0.00012204967879370088
2456,0.4136752955673728,0.54296875,0.6201302807983843,0.47779053902487567,24.494140625,1.4489069668631007,0.03357463208521949,0.03407176476960271,512,928,31,13,22,1836,1036,0.025782178421968772,0.030237233609927593,0.051696848251072236,0.04516743128191025,60,0.4666666666666667,2,0.5625,0.1875,0.4142370671033859,15.809314966201782,2.98061940073967,12.165818184614182,0.00012204964696138632
2464,0.4126031950763718,0.62109375,0.7164418608352432,0.5364802105955471,24.1796875,1.4129579197134714,0.03428629833024388,0.03490261751293858,512,862,35,8,17,1516,880,0.024472157203441952,0.028915693662621984,0.049103158647994416,0.042936634389793754,49,0.3673469387755102,0,0.0,0.0,0.0,14.352065205574036,2.618937224149704,11.376029789447784,0.00012204962149553467
2472,0.40527780423872173,0.56640625,0.6678420291830616,0.47159615627357565,23.73828125,1.42290409862486,0.03028668265324086,0.030623897263781816,512,851,30,13,33,1720,1042,0.024459326404091458,0.029798259656449007,0.04860141308468169,0.04401977700475976,58,0.3620689655172414,0,0.0,0.0,0.0,14.751007914543152,2.489578038454056,11.717771112918854,0.0001220495896632201
2480,0.41950028063729405,0.6171875,0.709834698320214,0.5249249584223492,23.330078125,1.38011022550199,0.034728879891190445,0.035114399360841306,512,796,36,9,19,1529,848,0.023363941450812,0.029098763129757056,0.0464293866730795,0.043227985756531084,37,0.5675675675675675,0,0.0,0.0,0.0,13.983275204896927,2.442842662334442,11.044968754053116,0.00012204955783090554
2488,0.41173411349154776,0.595703125,0.6845243311675537,0.4941631833783822,23.923828125,1.4075913977310632,0.03274609464460809,0.03309605719055551,512,873,36,9,17,1621,999,0.022395273906351407,0.027917786661192136,0.044983912061298814,0.041555696450232854,66,0.5,3,0.625,0.16666666666666666,0.3456748177607854,14.749904990196228,2.5148047506809235,11.591025412082672,0.00012204953236505389
2496,0.3889643069123849,0.568359375,0.6801843286218286,0.4418353787254997,24.365234375,1.3936827324833927,0.03274328282168426,0.03293433877767793,512,910,32,8,23,1711,1051,0.02158672392949179,0.027462827766942,0.04290009359161129,0.04040687213741592,58,0.41379310344827586,1,0.75,0.25,0.4714652895927429,16.68373915553093,2.540551096200943,13.584267050027847,0.00012204949416627642
2504,0.44087042326282244,0.58203125,0.6633856387336131,0.4960665395926899,23.314453125,1.446252377468476,0.03728928304371948,0.037908414905235166,512,805,41,11,23,1608,1024,0.021075229313057175,0.02737238364361187,0.04141949972345138,0.040921831568555445,50,0.44,2,0.875,0.4375,0.30072349309921265,14.475876182317734,2.4616237580776215,11.397325038909912,0.00012204946870042477
2512,0.4221942113072146,0.52734375,0.619420679489465,0.424975102371147,22.75390625,1.4937582993966618,0.03410615941902506,0.03429455885658716,512,829,35,14,30,1642,1238,0.021719103942536136,0.028249495293475996,0.0422502834249191,0.04137758970212843,63,0.30158730158730157,2,0.6875,0.25,0.3619995564222336,14.424496173858643,2.4931365251541138,11.547389566898346,0.0001220494368681102
2520,0.388232760495157,0.568359375,0.7118469174503657,0.44178639197614533,24.0234375,1.3600519297883586,0.0355441927533775,0.03609944899569126,512,878,27,8,30,1964,829,0.020732740058522478,0.028800828990163813,0.041680061608867724,0.042433743473644925,49,0.6326530612244898,3,0.5833333333333334,0.20833333333333334,0.4158882300059001,15.118218272924423,2.8000159561634064,11.797087371349335,0.00012204940503579564
2528,0.39719101187074557,0.58984375,0.6867618436330404,0.5013007177286932,24.857421875,1.3316180362980015,0.03779498135554604,0.038641435797845326,512,935,27,14,21,1626,1021,0.02134398719120342,0.027978635127747797,0.0428954183011403,0.041796874724566946,56,0.39285714285714285,2,0.9375,0.4375,0.3998875617980957,15.362962186336517,2.7276408970355988,12.007329016923904,0.000122049379569944
2536,0.4330632903147489,0.5390625,0.6146625810384152,0.46638933982683983,23.072265625,1.453890750782965,0.03685212018172024,0.03735689759693399,512,865,30,11,33,1657,1133,0.021063492147489902,0.02877704985396288,0.04185978990582584,0.04294099314330338,58,0.41379310344827586,2,0.6875,0.25,0.2730231359601021,14.403289914131165,2.500286489725113,11.47853684425354,0.00012204934137116652
2544,0.3941951495653484,0.607421875,0.7205850669456575,0.47787724821912114,23.548828125,1.3800034288675984,0.034075190789280896,0.03415859594167542,512,792,30,7,24,1569,964,0.02015814504971891,0.028810414307647247,0.04053687799335193,0.04254412832589188,52,0.46153846153846156,4,0.75,0.375,0.4139762371778488,14.457450032234192,2.4846401512622833,11.339630514383316,0.00012204931590531487
2552,0.4013549678202253,0.650390625,0.7493006254225828,0.5455891408287453,23.81640625,1.3740718911809489,0.029803223377939503,0.0298417574072629,512,846,29,10,16,1394,809,0.020001375230471803,0.02757055083368284,0.03974632240657505,0.04124990872148396,42,0.5714285714285714,1,1.0,0.5,0.46755796670913696,14.09600904583931,2.6023440957069397,10.96318656206131,0.00012204928407300031
2560,0.39910360422800295,0.591796875,0.7105615813381386,0.4851656445406445,23.19921875,1.3519354407768254,0.03935996528889518,0.03978430237076981,512,817,26,5,24,1613,845,0.018519535815708272,0.027928163042767854,0.03727304574519996,0.041112009017696904,46,0.5434782608695652,1,0.75,0.375,0.46549299359321594,15.709053665399551,2.5865549743175507,12.678081035614014,0.00012204925224068575
2568,0.38396353714051656,0.587890625,0.6596465023884379,0.5127352946212136,24.30078125,1.3408510062948842,0.03289931078143127,0.0332415820263627,512,943,31,7,16,1468,1183,0.017890736391014076,0.02659126802327208,0.03601911235364563,0.03959903664389333,52,0.5,1,0.75,0.375,0.2570532560348511,15.01659020781517,2.6509896218776703,11.738279670476913,0.00012204922040837118
2576,0.4092080698060272,0.61328125,0.7060620358404763,0.5291441796660014,23.478515625,1.3855467846237266,0.038353083609763416,0.0388075781672782,512,848,47,15,22,1588,911,0.018908352467643243,0.026419818863098566,0.036653339119187445,0.038883297164532815,61,0.5901639344262295,2,0.875,0.3125,0.44207122921943665,14.52657037973404,2.64409139752388,11.270249456167221,0.00012204918857605662
2584,0.40342301689088345,0.587890625,0.7094896133958634,0.4771125860799129,23.806640625,1.391480663009336,0.03166579074240872,0.031847629194301605,512,870,30,13,28,1692,924,0.01949668909319128,0.026877466321514637,0.038741249925749455,0.03964972914212633,46,0.41304347826086957,1,0.375,0.0,0.17011837661266327,14.454853147268295,2.488477051258087,11.538234740495682,0.00012204916311020497
2592,0.3897652655177808,0.591796875,0.7349353887322954,0.47114876122862936,23.322265625,1.4104158758598295,0.02968613191478653,0.030153743365328313,512,854,33,5,16,1844,825,0.01831926198311321,0.025832433343225325,0.036873754104025824,0.03818463310653816,54,0.3148148148148148,1,0.75,0.125,0.3492889106273651,14.508017510175705,2.6862708628177643,11.469850569963455,0.0001220491249114275
2600,0.40551726301782764,0.564453125,0.6862590760914061,0.45047919244833945,23.2109375,1.4067039685587002,0.03269210948928958,0.03292597112832846,512,849,18,9,13,1779,942,0.017972295329754688,0.02463907953319433,0.03570225774432423,0.03668187718967769,58,0.39655172413793105,1,0.625,0.25,0.29532089829444885,14.50145161151886,2.5690298080444336,11.466155290603638,0.00012204909944557585
2608,0.39491974731208757,0.587890625,0.7015842790842791,0.4859029127313332,23.748046875,1.3773756727626023,0.03873729683255078,0.039408540585003565,512,890,33,19,32,1658,891,0.019176865109390977,0.0257669255676485,0.03718872276767771,0.03762400908571589,62,0.45161290322580644,1,0.75,0.0,0.30494970083236694,14.954494088888168,2.9862488508224487,11.44040933251381,0.00012204906761326129
2616,0.3939441594411619,0.5859375,0.686510851110947,0.49704318203056636,24.25,1.3674889787367615,0.03417003401409602,0.03461958713865377,512,911,33,15,31,1714,955,0.020293073321866723,0.026741692049153543,0.03897559695451702,0.039454344471543834,65,0.49230769230769234,4,0.6875,0.1875,0.3728782255202532,15.427978485822678,2.827875077724457,11.82580578327179,0.00012204903578094672
2624,0.4068001657433342,0.580078125,0.675177731911478,0.4829771184847086,23.876953125,1.4031473648296444,0.03353252578108368,0.03384479144089396,512,879,21,13,31,1600,1020,0.020338938148215358,0.0273868113290644,0.040896647784414486,0.04073462975834782,59,0.3728813559322034,2,0.9375,0.4375,0.31759268790483475,16.440357744693756,2.7508217096328735,13.206478923559189,0.00012204900394863216
2632,0.40995765157276765,0.583984375,0.6817968209097242,0.48561175187573796,23.591796875,1.4068933002769715,0.03237826082840911,0.03254328227487008,512,845,32,23,17,1569,1021,0.021918405881639357,0.02638744495759114,0.04137449439761942,0.03884272022031823,66,0.4393939393939394,1,0.625,0.25,0.02391950599849224,14.820742398500443,2.6534595787525177,11.447647124528885,0.0001220489721163176
2640,0.4181217835575808,0.552734375,0.6687856647534067,0.4337555808459883,22.58984375,1.4533001453008976,0.038875860831467435,0.039307795965130184,512,812,30,20,18,1698,1028,0.02353365406481425,0.0257948176230238,0.04418534127197338,0.03779166041595575,47,0.46808510638297873,5,0.8,0.25,0.3428241491317749,14.26636391878128,2.50077685713768,11.23773244023323,0.00012204894028400304
2648,0.3976522668963298,0.5625,0.6794387546685341,0.45543967041290456,23.78515625,1.3837922785686354,0.032394940630183555,0.03277019489074895,512,885,32,5,21,1776,939,0.021880414015242943,0.025494208224034774,0.043961372715376146,0.03793103447816315,52,0.5,4,0.625,0.21875,0.42114046961069107,15.116041988134384,2.786172777414322,11.679154515266418,0.00012204890845168848
2656,0.40105364765622653,0.5703125,0.7076550086248361,0.4262325681557835,23.935546875,1.401199563390414,0.033378081330738496,0.03398847321178223,512,894,38,21,28,1807,963,0.02313228023198561,0.025921896518511265,0.046446693979967146,0.038767248843020546,60,0.45,1,0.75,0.375,0.3611345887184143,14.90422809123993,2.6318463683128357,11.804682612419128,0.00012204888298583683
2664,0.3947827727897675,0.56640625,0.6448155741381056,0.5024494712481364,24.4921875,1.398849852264612,0.03256563334616658,0.03298194948637512,512,943,39,16,21,1686,1123,0.023934669520099348,0.025318196827490494,0.046650563840968995,0.038083967836319677,63,0.6031746031746031,1,1.0,0.625,0.4852188229560852,15.533846914768219,2.7579659819602966,12.145445168018341,0.00012204884478705935
2672,0.4088380029279506,0.59375,0.7073655904585798,0.47008817399355496,23.52734375,1.3706001279677185,0.0396586582683085,0.040142897792257666,512,821,26,7,19,1645,866,0.022682848275724275,0.025015026278933615,0.04461474699490975,0.03707229536467055,44,0.5681818181818182,2,0.625,0.1875,0.3052513003349304,14.354885786771774,2.60751873254776,11.316913604736328,0.0001220488193212077
2680,0.40397392283193767,0.642578125,0.7583181877711489,0.4957263639215808,23.41796875,1.383857368018815,0.03347877485020945,0.03370860093995931,512,800,32,7,21,1422,848,0.021572586149920442,0.024974483532177353,0.042871991900809925,0.03697845788963597,41,0.6097560975609756,3,0.9166666666666666,0.4583333333333333,0.19064803421497345,14.215249210596085,2.59445059299469,11.057383477687836,0.00012204878112243023
2688,0.3889748255023733,0.552734375,0.6640142944668807,0.44755847873875254,24.26953125,1.3917284324093235,0.03234025167330401,0.03308550168079831,512,930,42,10,19,1807,1081,0.021238703957429862,0.024370680104328205,0.042208213728806454,0.03600821385999603,74,0.47297297297297297,0,0.0,0.0,0.0,17.545940726995468,2.862637013196945,13.912466675043106,0.00012204875565657858
2696,0.3902906068979064,0.564453125,0.6502773708993124,0.46383071533933606,22.322265625,1.2769177331381667,0.03595810172691927,0.03608992339598435,512,778,33,20,22,1490,1105,0.022853277889040687,0.02470814850732239,0.04589307269194831,0.036699315519188924,61,0.639344262295082,4,0.71875,0.25,0.31966039910912514,14.20893070101738,2.3992141485214233,10.991540044546127,0.0001220487174578011
2704,0.4042330513475463,0.576171875,0.7080743627860501,0.42872403861089203,24.361328125,1.4462851771315393,0.031123833145102253,0.03142706041761954,512,915,28,11,13,1708,997,0.022298712098542162,0.023554457721959795,0.04479217681827896,0.035002814800105225,45,0.5777777777777777,1,0.75,0.0,0.3458805978298187,15.05903285741806,2.6955994963645935,11.950616776943207,0.00012204869199194945
2712,0.41652740564313717,0.56640625,0.6591594003192676,0.47121010558510557,23.1171875,1.4174964695167058,0.039491876914325985,0.039937617732041145,512,849,32,9,24,1598,988,0.021679172768801536,0.02418854787346599,0.041734389236027014,0.03623384061624091,50,0.34,0,0.0,0.0,0.0,14.37879803776741,2.628527283668518,11.325595080852509,0.00012204865379317198
2720,0.39696327573619783,0.60546875,0.7278977104630269,0.46948074115927574,23.935546875,1.352648588256991,0.03500385985898902,0.03549615361242682,512,854,27,16,22,1595,877,0.022247665937052973,0.024289854177168294,0.042441042305472076,0.03545021564213416,46,0.5869565217391305,4,0.84375,0.40625,0.3172050900757313,14.69840320944786,2.669936925172806,11.455116480588913,0.00012204862832732033
2728,0.4202022734680213,0.609375,0.716250979355818,0.49358069503260066,23.0859375,1.4237377105544566,0.03951013907317247,0.04011034020292295,512,810,29,10,20,1501,905,0.021841638205653574,0.024288942148807297,0.043406716393601386,0.03613281755633738,57,0.42105263157894735,2,0.75,0.375,0.4296296238899231,14.344384610652924,2.562577337026596,11.13251268863678,0.00012204859012854286
2736,0.41103171405848116,0.55078125,0.6297154497129107,0.48072442386451747,23.6015625,1.3580282661677026,0.038176297337486176,0.038466372058610115,512,917,28,12,18,1682,1085,0.021735002871810825,0.023720843979545058,0.04319480306800705,0.03516155364275389,55,0.4909090909090909,1,0.875,0.5,0.08401446044445038,14.736813426017761,2.5878346264362335,11.660602480173111,0.0001220485646626912
2744,0.37317198066739365,0.603515625,0.6784412888564151,0.5389643717768717,24.4140625,1.2723822340443658,0.031663319085055264,0.03196820390068598,512,907,31,16,31,1573,1008,0.02226815186651812,0.02487185167723368,0.04379102143378977,0.036541802373005666,49,0.7142857142857143,4,0.84375,0.375,0.28387792594730854,15.171476423740387,2.5428154170513153,11.790984243154526,0.00012204852646391373
2752,0.39304925392207224,0.5703125,0.6713434502148758,0.4381440220633527,24.171875,1.4225487693278127,0.038168804617271235,0.03859478654144305,512,930,33,16,19,1604,1173,0.022984226484276553,0.024410050735491347,0.04521316205092163,0.036107398881955716,59,0.423728813559322,2,0.75,0.3125,0.34549954533576965,16.984073609113693,2.750732421875,13.686738282442093,0.00012204850099806208
2760,0.38156607775454177,0.560546875,0.6392188180257441,0.4780224973306645,24.0859375,1.3649103108097875,0.03408115119145805,0.0343501224103418,512,874,28,7,23,1591,1108,0.02185902239600884,0.024481071950744303,0.042528471745517216,0.035955869387991085,59,0.4915254237288136,1,0.875,0.5,0.44648587703704834,15.162869095802307,2.7048267126083374,11.76819309592247,0.00012204846279928461
2768,0.38177206520049367,0.609375,0.735964115705495,0.4847986048531589,23.697265625,1.2864237137141803,0.042968216336703335,0.043597795713839316,512,834,19,7,14,1669,748,0.020866403792848095,0.02340038295877833,0.04194589415546646,0.03455010528402819,53,0.660377358490566,3,0.7083333333333334,0.3333333333333333,0.25186821290602285,14.527144819498062,2.568497449159622,11.301674038171768,0.00012204843733343296
2776,0.4092759571503848,0.5703125,0.6896785140855349,0.46297924008313,23.462890625,1.363561819130013,0.0350170149213227,0.03528857433316875,512,894,32,16,17,1804,908,0.021550687794330826,0.0227999621344568,0.041915381898233295,0.03381964806160356,46,0.4782608695652174,2,1.0,0.5625,0.42861975729465485,14.697108626365662,2.5261535942554474,11.586367815732956,0.00012204839913465548
2784,0.4064133354113437,0.57421875,0.7040567736606635,0.4498375566197441,23.017578125,1.4107857252878127,0.03735445010352123,0.03760224485269939,512,821,24,9,22,1584,956,0.0209887340551693,0.02325385019503714,0.0417111076946568,0.03400480576177245,56,0.32142857142857145,2,0.6875,0.3125,0.40904320776462555,14.237201482057571,2.561344236135483,11.17368021607399,0.00012204837366880383
2792,0.4152872643608134,0.556640625,0.6898540095738371,0.4083550209958535,23.685546875,1.412298489570456,0.03354768163353583,0.033737516803812304,512,849,39,9,15,1732,1045,0.020106812752780055,0.022562849111454758,0.039492134309812243,0.03280003579277596,59,0.5084745762711864,3,0.8333333333333334,0.4166666666666667,0.35823002457618713,14.984302401542664,2.504143565893173,11.731247127056122,0.00012204833547002636
2800,0.38895991854951717,0.544921875,0.6565123805932629,0.42238470717234267,23.859375,1.4063083427006762,0.0339281553760884,0.03411422548334317,512,926,34,7,18,1768,1112,0.019296857014805584,0.022174170306312396,0.03882202892680531,0.033061238518476366,52,0.6923076923076923,5,0.65,0.25,0.2694581009447575,15.379873245954514,2.662446290254593,11.97981870174408,0.00012204831000417471
2808,0.38430933438939974,0.607421875,0.701508103762907,0.5131505137221923,23.640625,1.3256861573146366,0.03618245393727193,0.03663453896236603,512,865,29,7,20,1450,1009,0.01839638222736058,0.022318316730187658,0.03608326665593242,0.03248777232828767,49,0.673469387755102,3,0.6666666666666666,0.2916666666666667,0.4412732720375061,14.759440749883652,2.730301111936569,11.291490912437439,0.00012204827180539723
2816,0.4055565757371369,0.556640625,0.6557571411431706,0.4312134441070391,23.359375,1.3911959605171638,0.03636864654777128,0.03689296676340442,512,853,31,12,18,1609,1162,0.018898010830481093,0.022139339745029404,0.0380273961051959,0.032944772191537325,59,0.4915254237288136,3,0.7916666666666666,0.375,0.41104506452878314,16.684121787548065,2.621400386095047,13.347493320703506,0.00012204824633954559
2824,0.3915268272103276,0.583984375,0.6921208575136594,0.4902499389898583,23.0546875,1.3825810787358348,0.03666002043064509,0.03707918496922567,512,811,32,4,15,1571,893,0.01755742185370904,0.021696436583338016,0.03535409532016809,0.03222641228675849,67,0.3880597014925373,3,0.8333333333333334,0.375,0.24493706226348877,14.254239290952682,2.4971256256103516,11.053162425756454,0.00012204820814076811
2832,0.37853882239505765,0.6015625,0.6816034284606391,0.5285146989094357,25.08203125,1.269442491092297,0.03080880687048193,0.03103760118613401,512,969,32,18,22,1722,969,0.019183966726283863,0.021801149990769046,0.03859714764517874,0.03236269060434424,43,0.7441860465116279,5,0.75,0.3,0.191841821372509,15.5241519510746,2.824398398399353,12.080153405666351,0.00012204817630845355
2840,0.4012072645855369,0.5625,0.6634605772683599,0.4570987203814528,23.568359375,1.430574756805375,0.037080205087477225,0.037364904569143674,512,894,28,8,21,1660,1078,0.01875566355780951,0.02179686009572237,0.03679981104181229,0.031780934495538066,52,0.38461538461538464,1,0.875,0.5,0.4507545530796051,14.77470588684082,2.6624950766563416,11.651443183422089,0.00012204814447613899
2848,0.4089098694439599,0.556640625,0.6674905269188951,0.4484658247589282,24.044921875,1.4362826133784026,0.03653455701714847,0.03702529094693735,512,945,26,15,30,1770,1088,0.019798411439539094,0.022896690946222892,0.03982082430464984,0.03325991222875238,64,0.359375,2,0.625,0.25,0.25293343514204025,15.486682385206223,2.9429794251918793,12.006264567375183,0.00012204811264382442
2856,0.4234710415476002,0.6015625,0.683048115079365,0.5149597583674663,23.896484375,1.421172526963761,0.041236070726881735,0.042008451738406644,512,806,33,5,17,1513,972,0.018576902809909625,0.022751382649533265,0.03738740470157409,0.033756849222099095,59,0.3728813559322034,0,0.0,0.0,0.0,14.664120972156525,2.7985422909259796,11.451927900314331,0.00012204808081150986
2864,0.41920163662871346,0.583984375,0.7025702395703293,0.4469691891483101,23.193359375,1.4134206791914834,0.03473272914197878,0.03508586286781297,512,814,31,22,22,1536,990,0.020948412105898793,0.023217527527966502,0.04163090882405407,0.03449213021148667,64,0.296875,4,0.78125,0.3125,0.30169881880283356,14.284575551748276,2.5359843373298645,11.23466494679451,0.00012204804261273239
2872,0.3867416325956583,0.546875,0.6432693337219608,0.44667906018712467,24.380859375,1.3762512841914003,0.037793472525663674,0.038315420465465544,512,951,32,24,26,1768,1152,0.023018080880936823,0.023495850152590328,0.0462201088832338,0.03480429086824913,62,0.6129032258064516,3,0.75,0.2916666666666667,0.22550144915779433,15.847379803657532,2.7524746656417847,12.15820625424385,0.00012204801714688074
2880,0.38386116435867734,0.62109375,0.7102254512708224,0.5509091283351151,23.794921875,1.3355273660138804,0.03517458492478909,0.035593427671669946,512,834,36,8,20,1479,888,0.021899355915628957,0.023391657701472494,0.04305817131726164,0.034201096550828036,45,0.4222222222222222,1,0.625,0.25,0.12083306163549423,16.0616737306118,2.8026376366615295,12.78728249669075,0.00012204797894810326
2888,0.3823990956880152,0.556640625,0.6530765127367562,0.4604966717869944,24.00390625,1.3608899077496692,0.03263390039319347,0.03267659803320348,512,913,40,10,20,1713,1050,0.02132067466917615,0.02303579719811192,0.04237119781567311,0.03445890408396318,53,0.5660377358490566,0,0.0,0.0,0.0,15.300765305757523,2.86813622713089,11.747216671705246,0.00012204795348225161
2896,0.3899006778956391,0.580078125,0.7040064430397622,0.4679132878146036,23.3515625,1.3915532544615714,0.03658213694325241,0.03696699721791415,512,858,35,9,13,1709,853,0.020820340345156438,0.02205988169039627,0.041376156556827914,0.0328299922568433,44,0.6818181818181818,1,0.625,0.25,0.40608757734298706,14.476538956165314,2.654502213001251,11.317560255527496,0.00012204791528347414
2904,0.3720408413792029,0.591796875,0.6826998237350106,0.5112265181508985,23.927734375,1.2689446923020165,0.035873771557817236,0.036061659263534045,512,906,30,12,13,1674,956,0.020769751109913717,0.021036600069059774,0.04127551831390874,0.03121026649879058,42,0.7142857142857143,2,0.75,0.25,0.2823067381978035,14.883200019598007,2.7064208686351776,11.562997251749039,0.00012204788345115958
2912,0.3785075386695098,0.603515625,0.6731119512369512,0.5277258477689513,25.5078125,1.338422121342103,0.03853889548281586,0.03917218610572813,512,990,45,24,17,1496,1175,0.023093945099563237,0.02057283201910245,0.044982014551398164,0.03102148914528305,57,0.7894736842105263,1,1.0,0.5,0.4716007113456726,16.305768102407455,3.182320713996887,12.306883484125137,0.00012204785161884502
2920,0.401459355809493,0.609375,0.6852566793234443,0.5313262030367294,23.765625,1.3557357919629847,0.03357585174308042,0.033861513197675774,512,851,47,17,18,1485,985,0.02348589371663688,0.02041408871082686,0.04667132694996945,0.030352792406079437,50,0.58,6,0.7708333333333334,0.3125,0.3291134101649125,14.966888844966888,2.840910881757736,11.329042166471481,0.00012204781342006754
2928,0.39156819303752854,0.533203125,0.6303025414277683,0.4444825254003753,24.1171875,1.3868365639417033,0.03495844838107587,0.03505967406960564,512,933,30,22,16,1728,1269,0.025103676168701336,0.019904291833206644,0.04987793006421426,0.03002370609399993,53,0.41509433962264153,1,0.875,0.5,0.3827780485153198,15.369528532028198,2.7964588403701782,12.072100073099136,0.00012204778795421589
2936,0.40072871625307016,0.583984375,0.706663323766631,0.4707313901129129,23.333984375,1.37027287875947,0.04049519288491865,0.04072422533693992,512,814,24,8,29,1595,870,0.023703147676229688,0.021507317859340676,0.047578959299051204,0.03216458678348638,58,0.603448275862069,0,0.0,0.0,0.0,14.397684276103973,2.5592271089553833,11.159618318080902,0.00012204774975543842
2944,0.3735303786233999,0.60546875,0.7078516731217724,0.49764936943245763,24.419921875,1.3088705831556746,0.03214477130313753,0.03246812126516974,512,908,27,11,13,1583,946,0.023056366536796824,0.0205846810891085,0.04629607517802381,0.030563341098040847,55,0.6,0,0.0,0.0,0.0,16.541446149349213,2.6943666636943817,13.15792664885521,0.00012204771792312386
2952,0.38062249100767076,0.568359375,0.6321271612093113,0.4788671103889768,23.6015625,1.3216756887728467,0.038180485542397946,0.0383969652056574,512,873,25,8,21,1428,1266,0.02213839242754716,0.020943129600356485,0.04399632396802289,0.031573853246109174,66,0.6060606060606061,0,0.0,0.0,0.0,14.876401394605637,2.6158154606819153,11.585880249738693,0.00012204768609080929
2960,0.38688125379849225,0.578125,0.6995885742143839,0.4498669325393464,24.43359375,1.3600675241023792,0.03328968123605591,0.03361049356736069,512,864,30,10,17,1778,908,0.021752995790949112,0.020820847989325642,0.04323056152360483,0.030377814043515944,54,0.5555555555555556,2,0.75,0.25,0.10092834010720253,15.26244306564331,2.763617068529129,11.890076667070389,0.00012204764789203182
2968,0.38005082761810627,0.609375,0.6968422486779091,0.5278196762372643,23.494140625,1.3186920735699492,0.034403713042593154,0.03452870169723033,512,807,35,8,10,1518,886,0.020744018844352646,0.019820420115867633,0.041224326543316536,0.02968042537088353,54,0.5740740740740741,1,0.625,0.25,0.2544013261795044,14.338547348976135,2.5526468753814697,11.188748359680176,0.00012204762242618017
2976,0.3540190288767917,0.57421875,0.6830497196645899,0.4444546182335969,24.482421875,1.310579376361036,0.03136539823299245,0.031811769991721764,512,892,24,10,18,1677,1058,0.020537355335680175,0.019801102541004815,0.040349249271538934,0.029659435679935953,66,0.7878787878787878,3,0.6666666666666666,0.20833333333333334,0.25457968314488727,15.88164871931076,2.8474923074245453,12.027944564819336,0.0001220475842274027
2984,0.37379155575763434,0.560546875,0.6776455896164929,0.45136393715341083,23.69921875,1.2977526671133628,0.037432596836879384,0.03783103094150857,512,917,23,3,12,1755,1034,0.01876614719045635,0.019078579606572072,0.0377646081298636,0.028790391892856926,56,0.6785714285714286,1,0.625,0.125,0.050783880054950714,15.258080005645752,2.7813720703125,11.653648406267166,0.00012204755239508813
2992,0.39841775007516844,0.560546875,0.6891910536819811,0.4488606170416638,23.09765625,1.3751593624440361,0.033997581367998464,0.03426669917926674,512,845,25,7,23,1720,918,0.018136674231488195,0.01990864852002808,0.036030190004205376,0.028823085171586244,65,0.4307692307692308,1,0.5,0.0,0.37234291434288025,14.558945834636688,2.7026349008083344,11.328812330961227,0.00012204752056277357
3000,0.39393762125837384,0.572265625,0.678735087482552,0.4593776106934001,23.728515625,1.3741035436842237,0.03852286074288713,0.03908552715209011,512,913,37,9,22,1694,999,0.01781883509816551,0.020480232693091398,0.0344794385399122,0.030281546189725617,56,0.625,4,0.71875,0.15625,0.3404774069786072,14.717924773693085,2.6211481392383575,11.585124999284744,0.0001220474823639961
3008,0.3725756841486145,0.546875,0.649850223697675,0.4599490047408389,23.8515625,1.3364453680029853,0.03675131703403167,0.03714263498662697,512,930,25,5,18,1749,1051,0.016835618896632203,0.02048589100611572,0.03391319437485596,0.03013132974573332,55,0.5818181818181818,5,0.675,0.275,0.3253056213259697,16.4607672393322,2.713123619556427,13.055776000022888,0.00012204745689814445
3016,0.38096136135573033,0.583984375,0.6855406376777344,0.5104976762583502,23.3671875,1.2812123929035766,0.037090477765559626,0.03789583349124248,512,875,27,16,13,1695,869,0.018358626711003717,0.01976873485069837,0.036007952246116304,0.029009551128017702,58,0.7413793103448276,1,0.75,0.375,0.3807845115661621,14.665960043668747,2.614520311355591,11.235341042280197,0.00012204741869936697
3024,0.3787962028873153,0.576171875,0.673891587565635,0.4791860076691708,24.119140625,1.3011326825974048,0.03443975756817963,0.03471814458592236,512,940,37,9,20,1659,1067,0.01780237059600699,0.01994926233427905,0.03489799588712916,0.02968510124069962,55,0.6909090909090909,6,0.75,0.2708333333333333,0.2934536219884952,15.50448489189148,2.6660082936286926,11.898942768573761,0.00012204738686705241
3032,0.40556421762448736,0.544921875,0.6585725486431131,0.4330726559824557,23.564453125,1.3997335582351955,0.040751534274932055,0.040937520103746024,512,875,29,10,25,1747,1052,0.017946416102272923,0.020875383989380426,0.035650624178712786,0.03127361616083796,67,0.40298507462686567,2,0.8125,0.3125,0.35923969745635986,15.047322064638138,2.628117859363556,11.71647521853447,0.00012204735503473785
3040,0.3812774349353276,0.576171875,0.6680923924490101,0.4876346232559368,23.642578125,1.3374414143255893,0.034850410385843134,0.03524269584758849,512,910,28,4,18,1585,1043,0.016743242143453064,0.020619061239594373,0.03324855651966352,0.03085964123394122,57,0.5789473684210527,2,0.875,0.4375,0.4161517769098282,14.747794449329376,2.559920519590378,11.53273856639862,0.00012204731683596037
3048,0.3844728188087174,0.56640625,0.662569721944722,0.4767407347456565,23.61328125,1.320842512850303,0.03586258179802826,0.036336548884507554,512,844,39,11,19,1641,1058,0.01683379984166347,0.020847706159561746,0.03251190093734191,0.030893618093164515,50,0.54,1,0.875,0.25,0.3505359888076782,14.97793248295784,2.72194105386734,11.581841498613358,0.00012204728500364581
3056,0.3747836094989907,0.568359375,0.6958330977874321,0.44513513761928325,24.330078125,1.3183740701360225,0.033713271602209716,0.03427151367303771,512,935,37,8,24,1754,1050,0.016641493637137728,0.021332806676533513,0.03304528445216359,0.03163716857965626,54,0.6851851851851852,2,0.8125,0.3125,0.3618447482585907,15.450678169727325,2.7587828040122986,11.944007724523544,0.00012204725317133125
3064,0.3957432878378313,0.58203125,0.7234383726098139,0.4249564303065978,23.40625,1.370407669171208,0.03641541299293749,0.036619730962706876,512,840,35,9,16,1701,866,0.016461201615250606,0.021023860572244344,0.03316533937003818,0.03117053590453303,59,0.4915254237288136,3,0.7083333333333334,0.25,0.42702261606852215,15.022514522075653,2.885392487049103,11.397827416658401,0.00012204721497255377
3072,0.37513299653073773,0.591796875,0.6933654360554348,0.48935204580365876,23.83203125,1.3219235405486802,0.03496552413707832,0.03526699081580821,512,950,35,2,14,1583,1075,0.014978550834624606,0.020182599011630782,0.03020107526314464,0.03011965201328254,58,0.6724137931034483,1,0.875,0.5,0.39562028646469116,16.68136563897133,2.590511381626129,13.436205685138702,0.00012204718314023921
3080,0.39084681883105077,0.58984375,0.6975037621035324,0.4792800145136074,23.1484375,1.3466450630286992,0.030521200824296102,0.030935499964875372,512,783,23,8,7,1545,926,0.014756234767020933,0.018850783755182177,0.029275068745113653,0.027637435119913067,56,0.35714285714285715,2,0.6875,0.1875,0.2918850928544998,14.203944474458694,2.5874706506729126,11.130910277366638,0.00012204715130792465
3088,0.39518822060199454,0.607421875,0.693249021403695,0.50033452792576,22.875,1.3607872012713886,0.03428358982819191,0.03459283744194812,512,748,31,8,7,1340,966,0.01481774283178933,0.017671618230830168,0.029398190785347333,0.026686471198999168,53,0.5471698113207547,6,0.75,0.25,0.3637806475162506,14.386620163917542,2.6495358049869537,10.876340746879578,0.00012204711310914718
3096,0.37957866420038044,0.599609375,0.7572706446316013,0.44850863610351277,24.078125,1.2902601395706959,0.04165847061085515,0.042121013619280154,512,921,29,9,24,1804,800,0.015072193047196933,0.018648994591133904,0.030388428395887068,0.027629160473891357,52,0.7307692307692307,3,0.8333333333333334,0.375,0.334568311770757,15.363142400979996,2.7960089445114136,11.691732317209244,0.00012204708127683261
3104,0.37390632104870747,0.5859375,0.7104678316950122,0.47886334189546265,24.787109375,1.326112374721128,0.030431203950683994,0.03073523362211277,512,960,31,11,23,1771,908,0.015505012992422747,0.01917811768020643,0.031254150702503924,0.028654390372309713,61,0.7049180327868853,2,0.875,0.4375,0.14889729395508766,15.842757731676102,2.9664162397384644,12.001008421182632,0.00012204704944451805
3112,0.3927028833713848,0.552734375,0.7154222584978982,0.39686448145847475,23.880859375,1.3717156050153754,0.03584235349626397,0.03613064279087075,512,890,38,16,30,1926,844,0.016868877729609526,0.020440067539751566,0.03303386417418552,0.030520570056878638,58,0.6206896551724138,2,0.8125,0.4375,0.23476462811231613,14.71121495962143,2.436622440814972,11.709049433469772,0.00012204701124574058
3120,0.37330466315324884,0.572265625,0.703185752165828,0.42251545376545374,23.701171875,1.336063035178943,0.037260707348195865,0.03761204845630661,512,821,26,9,15,1690,983,0.016679209987982092,0.020098641930050166,0.033120636263053393,0.030313841113961043,58,0.5517241379310345,6,0.8333333333333334,0.3958333333333333,0.33018284539381665,13.406409442424774,1.3621452450752258,11.337793827056885,0.00012204697941342602
3128,0.3837106535502244,0.61328125,0.7241657992514847,0.48210636859485545,24.34765625,1.3396634400602974,0.032644079889223576,0.03304399445900379,512,909,25,10,20,1529,989,0.016916345432517275,0.02038919596850135,0.03359433130169298,0.03004075496247266,63,0.7142857142857143,5,0.675,0.275,0.3225952088832855,13.49676114320755,1.459380865097046,11.399044960737228,0.00012204694758111145
3136,0.37935931037645787,0.576171875,0.6719545919451452,0.46910481621244804,23.99609375,1.3423655794869822,0.03512933929960127,0.035858363035900606,512,910,21,5,23,1649,1092,0.016057728142695585,0.020711886526013953,0.031412584524805554,0.030511573095715144,53,0.5283018867924528,0,0.0,0.0,0.0,15.00863966345787,1.4134288728237152,13.233106762170792,0.00012204690938233398
3144,0.369741376809543,0.615234375,0.7470050782463125,0.47969766424174554,24.1015625,1.2898155349070821,0.032442910320241936,0.03280072564495572,512,894,31,8,13,1692,773,0.015992958444365754,0.01991603547794408,0.031749145690113,0.029635481100902583,49,0.6326530612244898,1,1.0,0.625,0.18271107971668243,13.247037559747696,1.4248792827129364,11.230370849370956,0.00012204687755001942
3152,0.3780905551830074,0.546875,0.708092863188803,0.3981153226527989,23.701171875,1.2904272342983059,0.03282901069633226,0.033132646703361704,512,915,20,6,14,2017,850,0.01543764445837285,0.019347635571077448,0.031119426214021084,0.029016868629569648,68,0.7794117647058824,3,0.9583333333333334,0.5,0.35217289129892987,13.665543884038925,1.375324308872223,11.60465195775032,0.00012204684571770485
3160,0.38762830531049985,0.603515625,0.7017134134732819,0.49240171883821077,24.103515625,1.3842383001073473,0.03302512522168399,0.03325370916997071,512,858,24,6,14,1508,943,0.014940511811155837,0.0189019697418674,0.030124964136734267,0.027922397836594254,43,0.5348837209302325,4,0.78125,0.28125,0.38582374155521393,12.883425682783127,1.413611739873886,11.142726570367813,0.00012204680751892738
3168,0.3776014772010967,0.603515625,0.7309076623009136,0.4684520741822973,23.58984375,1.3025595516595572,0.03551373311347561,0.03570602654548531,512,859,32,17,17,1590,919,0.016725609017816535,0.018940675188468082,0.033693492445424966,0.0282106391903362,54,0.8148148148148148,1,0.875,0.25,0.45773592591285706,13.03113916516304,1.350467562675476,11.124547481536865,0.0001220467693201499
3176,0.3779709901646129,0.580078125,0.6904869253553464,0.4590816536582666,23.810546875,1.3319468796221596,0.03763994046221342,0.038112878496307546,512,884,30,11,24,1587,989,0.017122212584695568,0.019786654363982994,0.034485436455550134,0.029480599744092173,58,0.5,0,0.0,0.0,0.0,13.198967635631561,1.4036399126052856,11.26736506819725,0.00012204673748783534
3184,0.3848014311224688,0.55859375,0.6413116797932203,0.48520568099715633,24.34765625,1.3449696655722156,0.03817348129723541,0.038331265747420976,512,947,19,11,13,1753,1026,0.017304239197529214,0.019049134855136235,0.0343689266829994,0.028131820361603305,45,0.5777777777777777,1,0.625,0.125,0.2733110785484314,13.372420400381088,1.4342642724514008,11.629094690084457,0.00012204670565552078
3192,0.3928660498932004,0.486328125,0.6132578239576212,0.36105244068953746,23.48828125,1.3782212261554148,0.03824311957669124,0.038718592475183264,512,906,36,12,28,2021,1153,0.017704341667844556,0.02052041209942625,0.033812553318806504,0.030943278446112943,68,0.5294117647058824,2,0.6875,0.3125,0.3197235092520714,13.668049395084381,1.3566471934318542,11.915176123380661,0.00012204666745674331
3200,0.38421991252471344,0.541015625,0.6607683732412233,0.4261518963344521,24.38671875,1.3233828143842907,0.030279497397259547,0.030342564790310497,512,963,27,10,14,1913,1055,0.017664174823225843,0.019793784159909497,0.03417064821741245,0.029479296981261144,62,0.7258064516129032,0,0.0,0.0,0.0,15.807189553976059,1.4467628598213196,13.62913715839386,0.00012204663562442875
3208,0.39058904131525196,0.587890625,0.7321363951908306,0.4303132004837024,23.474609375,1.3205801105610795,0.03814495346705371,0.03823932214354751,512,845,50,4,16,1801,786,0.016480523513196763,0.019718042170469012,0.03272365643325281,0.029745608919229227,45,0.5777777777777777,2,0.625,0.25,0.3189365267753601,12.874303728342056,1.3600029349327087,11.186435133218765,0.00012204660379211418
3216,0.3917940517421812,0.548828125,0.649837383008022,0.4405160189075631,23.388671875,1.2914919674914496,0.044940900883375434,0.045233143000296065,512,912,34,6,20,1723,1062,0.015881608406844324,0.019999625444306904,0.03200709866561413,0.029567810667589928,60,0.8333333333333334,6,0.8125,0.3125,0.3255227208137512,13.481727749109268,1.358024924993515,11.376432597637177,0.00012204656559333671
3224,0.4195300294086337,0.57421875,0.6837389122315592,0.4847614158275923,23.791015625,1.3683168438300586,0.03816255888341402,0.03834450198350738,512,918,41,1,22,1739,946,0.014242030417650608,0.020352355441840185,0.028245469131924383,0.030692508660461165,50,0.52,3,0.7916666666666666,0.3333333333333333,0.41670529047648114,13.178537756204605,1.3936454057693481,11.385121941566467,0.00012204652739455923
3232,0.41918751469347626,0.482421875,0.6274873724763868,0.3357646721558012,22.75390625,1.4266958196157935,0.03930359518926707,0.03939829029115495,512,910,29,16,28,2025,1065,0.015649346174589997,0.021498300772169774,0.0315427585824386,0.03172309494565964,65,0.46153846153846156,1,0.875,0.375,0.49416548013687134,13.282570779323578,1.2555397748947144,11.52080225944519,0.00012204649556224467
3240,0.3797650253109168,0.529296875,0.6654751913172217,0.4037219208202447,23.560546875,1.302294560718343,0.03806109573633876,0.03842792134437628,512,877,39,7,19,1907,1038,0.015381688543334313,0.02140736635015384,0.031007517710959,0.03226604430827157,59,0.847457627118644,1,0.5,0.125,0.36696118116378784,13.567321330308914,1.3780705630779266,11.600926786661148,0.00012204646372993011
3248,0.3719069149301504,0.57421875,0.6872735612654968,0.46069591697111856,24.126953125,1.3117832647995589,0.0346049517256688,0.03491864982725068,512,926,41,10,21,1716,962,0.015700425913359576,0.021635811278179803,0.031644887061223814,0.03188430547454857,59,0.6949152542372882,0,0.0,0.0,0.0,13.555468380451202,1.40398970246315,11.51179587841034,0.00012204642553115264
3256,0.3897383354487829,0.572265625,0.7427627679400483,0.4300902907527227,23.7734375,1.376129062315146,0.034268417769968806,0.034457995666669135,512,830,34,10,13,1902,750,0.0156250002772117,0.02084204708728787,0.031013371934093037,0.03142309192663689,47,0.5531914893617021,2,0.6875,0.25,0.38514934480190277,13.071834355592728,1.378138542175293,11.397496491670609,0.00012204638733237516
3264,0.3787410806398839,0.533203125,0.6578731987030833,0.40723593689675286,24.208984375,1.3141881385372147,0.03588736019082717,0.03609460250112306,512,936,37,6,13,1895,980,0.015137610851884996,0.019976131737029206,0.03051930126561031,0.029912939118247883,55,0.5636363636363636,2,0.625,0.1875,0.3650412857532501,15.195950508117676,1.4272768795490265,13.302538454532623,0.0001220463555000606
3272,0.3971925360237947,0.59765625,0.7016611608597496,0.4754872462307807,23.84765625,1.3576212450428922,0.03995848090926302,0.040653328872316596,512,867,57,13,27,1656,869,0.016273855988300733,0.021208623767265917,0.03139256028193482,0.031440189482906,45,0.5333333333333333,2,0.625,0.1875,0.38410811126232147,12.966696351766586,1.383028656244278,11.242391139268875,0.00012204632366774604
3280,0.3764553784276359,0.591796875,0.718997486161111,0.44971176057365575,23.71484375,1.3120797130200232,0.032627248709104606,0.03294769715576838,512,891,35,9,13,1708,943,0.01631877712810507,0.020537556958021085,0.032880787043200854,0.03024015042176889,54,0.6111111111111112,4,0.65625,0.1875,0.27960563637316227,13.203074306249619,1.373075157403946,11.304977476596832,0.00012204628546896856
3288,0.37724871921636804,0.5625,0.7216847158293025,0.40537280701754386,23.900390625,1.3112947597051843,0.03117529187858281,0.03133096144610924,512,943,25,6,12,1948,876,0.015541539045240242,0.019481098710212523,0.030846442928553763,0.029005932025475883,56,0.6607142857142857,7,0.6964285714285714,0.30357142857142855,0.34094733531985966,13.649738788604736,1.4364525973796844,11.635367721319199,0.00012204624727019109
3296,0.37465494826756185,0.568359375,0.6998372347056557,0.4181300963837115,23.8671875,1.334824645699508,0.03725275753981805,0.037476054120378605,512,909,17,7,20,1709,992,0.015089461524612605,0.01976100083753728,0.029475490211434252,0.029062953792542007,56,0.625,0,0.0,0.0,0.0,13.372526913881302,1.3922248780727386,11.433937638998032,0.00012204621543787653
3304,0.37034865585155785,0.56640625,0.6801866849920719,0.4520467261124224,23.158203125,1.30659443024158,0.03552916178887244,0.03583085797079026,512,855,31,10,17,1681,974,0.01550437840534222,0.019717444318874757,0.030772114110335647,0.02940154868571218,55,0.5636363636363636,3,0.75,0.375,0.26030973593393963,12.829678326845169,1.3402098417282104,11.081234335899353,0.00012204618360556196
3312,0.3697478682297515,0.587890625,0.684073205431598,0.4888062235029147,23.544921875,1.3179675825736392,0.03134513480836176,0.03146538501431642,512,873,28,9,13,1616,986,0.01549393966201951,0.019048334496872255,0.030284916204356804,0.0282338185934089,54,0.6666666666666666,1,0.875,0.5,0.039726339280605316,12.96919134259224,1.3516913056373596,11.170799374580383,0.00012204614540678449
3320,0.37711148207290535,0.52734375,0.6168973415697205,0.44596385304076835,23.01171875,1.3561066058812024,0.03571411570374039,0.035856876131827836,512,858,31,10,19,1706,1171,0.01570799471179678,0.01943193535644696,0.03071313824810573,0.02854654553415989,52,0.6346153846153846,2,0.9375,0.5,0.29928717017173767,13.172030806541443,1.3492191135883331,11.434354305267334,0.00012204610720800702
3328,0.35219390554266283,0.61328125,0.7450856007894789,0.47209441483306314,24.41015625,1.2485701366524318,0.03263104114296311,0.03318216031125171,512,953,26,6,9,1708,922,0.014964275505979258,0.018166448358747384,0.030172512541840613,0.027426772160967783,51,0.8627450980392157,2,0.75,0.3125,0.4729553461074829,14.94968718290329,1.413606196641922,12.917339652776718,0.00012204606900922954
3336,0.3657703867647797,0.556640625,0.647691718004218,0.4746305868838763,24.27734375,1.312240039940021,0.03061293792052311,0.030984031495685266,512,994,20,5,18,1799,1105,0.014083520481685785,0.018117149686881506,0.02840944464473738,0.02693932404477567,63,0.873015873015873,3,0.75,0.2916666666666667,0.3282892058293025,13.92322501540184,1.4609569013118744,11.772170960903168,0.00012204603717691498
3344,0.36667354869132396,0.560546875,0.7183346313290532,0.3998398690868765,23.15234375,1.3258807746504544,0.034390272160635504,0.034502879355815835,512,887,33,2,20,1801,954,0.012871517584023436,0.01855208148842429,0.02598067751203581,0.027807121313830396,53,0.7358490566037735,3,0.875,0.375,0.18974974503119788,13.057464838027954,1.3529292941093445,11.203750967979431,0.00012204600534460042
3352,0.35853103986300994,0.572265625,0.6852729627048497,0.4711548779200675,24.03515625,1.3201933920721,0.03540562084526755,0.035851835595144814,512,931,52,24,17,1808,991,0.015415932521814626,0.018485683175952672,0.030595192936256344,0.027720201301964842,56,0.5892857142857143,2,0.6875,0.3125,0.3899518847465515,13.584619998931885,1.438898354768753,11.671147793531418,0.00012204596714582294
3360,0.37424125453981105,0.587890625,0.7419722894719623,0.45005411255411254,23.8515625,1.2926595646576295,0.03535693010962859,0.03554463616638432,512,875,33,15,24,1799,771,0.01675539534570027,0.01925654538606405,0.03280712374736239,0.028771589294663835,53,0.8490566037735849,0,0.0,0.0,0.0,13.09094586968422,1.3900530934333801,11.191027134656906,0.00012204592894704547
3368,0.37183351474959636,0.59375,0.7414033310027892,0.43362784296982015,22.763671875,1.2939850830598167,0.03498719833623909,0.03526078100290744,512,786,42,8,10,1598,831,0.016378340073561728,0.01842563268538838,0.032053567717763465,0.027431314237443216,56,0.6071428571428571,2,0.6875,0.1875,0.43115054070949554,12.481254160404205,1.3095751106739044,10.739236623048782,0.000122045890748268
3376,0.3717511173890671,0.53125,0.6703468800942811,0.383862861476008,23.87890625,1.2972757975028895,0.032967071885195764,0.033176039603499866,512,982,29,10,16,1913,1071,0.016709749444635578,0.018152852083964912,0.032715914685705005,0.027029444292509197,60,0.6666666666666666,4,0.875,0.28125,0.32922937721014023,13.713379085063934,1.4021952450275421,11.77946475148201,0.00012204585891595343
3384,0.38521299175772583,0.583984375,0.6857858424470267,0.4658800450762005,24.45703125,1.3967663234226573,0.045638242027962406,0.046376666586991085,512,883,31,6,19,1523,1073,0.015854036979819637,0.018486121394355202,0.031471389427240926,0.02734846961977011,53,0.6037735849056604,2,0.5625,0.125,0.22033018618822098,13.321728229522705,1.413168340921402,11.517579466104507,0.00012204582708363887
