update,loss,win_rate,win_rate_black,win_rate_white,avg_game_length,entropy,value_loss,raw_value_mse,tactics_wins,tactics_blocks,tactics_synth_wins_eq,tactics_synth_wins_missed,tactics_synth_blocks,imitation_black,imitation_white,win_miss_ema,block_miss_ema,win_boost,block_boost,cf_attempted,cf_candidates_avg,cf_added,cf_winrate_avg,cf_entropy_avg,time_total,time_selfplay,time_train,learning_rate
8,4.61471076127782,0.875,0.8632861910850795,0.8836344500407001,64.525390625,4.597377483577359,0.18659557592309284,0.18484413405199926,448,1,350,3746,486,0,0,0.9948259876367482,0.9923969188787837,0.9999794339430271,0.7499559594220919,0,0.0,0,0.0,0.0,27.073506474494934,3.9910259544849396,23.08213609457016,0.0003999323155727715
16,4.550614466890693,0.970703125,0.9699074074074074,0.965587001448068,33.509765625,3.747870273857568,0.06657927167543676,0.06417212223196085,497,1,701,3395,47,0,0,0.9859649679448166,0.9842186670059585,0.9998325931941359,0.749951620295515,0,0.0,0,0.0,0.0,15.865161806344986,1.9926897287368774,13.87219351530075,0.0003998646425984973
24,3.188276869186666,0.978515625,0.982667824074074,0.9762525683578316,17.263671875,2.6964940714816876,0.1378475174496998,0.13324055115595498,501,0,572,1436,17,0,0,0.9524565169978049,0.9396268557742159,0.9982069772247031,0.7472230929078632,0,0.0,0,0.0,0.0,8.231224864721298,1.074273407459259,7.15657851099968,0.00039979698107523923
32,2.2667723512277007,0.978515625,0.9825289575289575,0.9749918187418187,10.669921875,2.1130704972044945,0.1868334652390331,0.18298830370800487,501,0,393,85,2,0,0,0.8998650228942903,0.8899931931432625,0.991341804368649,0.7420434065945143,0,0.0,0,0.0,0.0,4.326693415641785,0.607153594493866,3.7192127108573914,0.0003997293310010598
40,1.8103661313652992,0.9375,0.9571938372648312,0.9177141501761995,9.763671875,1.8455157963278648,0.17831268743611872,0.17591059959856803,480,0,316,61,12,0,0,0.8501679719856517,0.8891123221225938,0.9793121952275692,0.7406321411453424,0,0.0,0,0.0,0.0,3.942885637283325,0.5580800175666809,3.384451240301132,0.0003996616923740217
48,1.48231964930892,0.919921875,0.9492699766693575,0.8862838697323092,9.369140625,1.5513978239678807,0.15813506650738418,0.15671775853947512,471,0,277,21,15,0,0,0.8006153606991243,0.8804138575969086,0.9627198891083979,0.7391047932947346,0,0.0,0,0.0,0.0,3.6889143884181976,0.517198771238327,3.1714207231998444,0.000399594065192188
56,1.3872653041034937,0.875,0.9275941605622353,0.8207872140539236,9.298828125,1.5886234068942393,0.13121771556325257,0.1297933961816052,448,0,382,14,13,0,0,0.7529903570001543,0.8802916448371246,0.9416801616171636,0.7390825128926279,0,0.0,0,0.0,0.0,3.7158395648002625,0.5022522807121277,3.2132607996463776,0.00039952644945362187
64,1.291224641725421,0.875,0.950908772599949,0.7910906298003072,9.072265625,1.4671855943991323,0.12271219294052571,0.12072349127927917,448,0,398,10,19,0,0,0.7079920736601735,0.8875720028621757,0.9179560301856926,0.7403700793482104,0,0.0,0,0.0,0.0,3.9367391169071198,0.4833917021751404,3.4530481100082397,0.0003994588451563871
72,1.270896959118545,0.876953125,0.9548409471411912,0.7901357341881535,8.931640625,1.2634918761474023,0.1130285772960633,0.11202706922333308,449,0,380,1,14,0,0,0.6650570467957726,0.8867787666914849,0.8912937665913276,0.7402337120843002,0,0.0,0,0.0,0.0,3.575854241847992,0.4728294312953949,3.1027087569236755,0.00039939125229854775
80,1.154279020614922,0.822265625,0.9253249227273701,0.7148461598708309,9.005859375,1.5416750264168366,0.1024528353009373,0.09983847853940464,421,0,359,4,12,0,0,0.6251509548013661,0.878342866604709,0.8630443736783431,0.7387241596375453,0,0.0,0,0.0,0.0,3.548663765192032,0.4807989299297333,3.0675595104694366,0.000399323670878168
88,1.081457283347845,0.787109375,0.8862671346681358,0.7054782076853384,8.8671875,1.393351143495204,0.10284829838201404,0.09895840052517273,403,1,367,4,22,0,0,0.5874344958240937,0.8844798767830608,0.8335849272691254,0.7398330883941545,0,0.0,0,0.0,0.0,3.525506764650345,0.4711519777774811,3.0539521276950836,0.00039925610089331254
96,1.008999865502119,0.755859375,0.916939477262886,0.5948332099732961,8.73046875,1.3067159582828238,0.14114596869330853,0.1391185407517614,387,0,300,2,31,0,0,0.5518458805305257,0.8915055171819537,0.803033681303404,0.7410321348607832,0,0.0,0,0.0,0.0,3.427743673324585,0.4720381200313568,2.9553496837615967,0.00039918854234204646
104,0.9215811919420958,0.724609375,0.9055066069683004,0.5450472466601499,8.76171875,1.3691755503966792,0.09447713213739917,0.09217067315033121,371,0,315,4,32,0,0,0.518607040622715,0.898103875981416,0.7721756990860227,0.7420897703970457,0,0.0,0,0.0,0.0,3.418918639421463,0.46738260984420776,2.9511968791484833,0.00039912099522243494
112,0.8392584142275155,0.712890625,0.9072287022091339,0.5134456807557127,8.763671875,1.3296364574410355,0.12224756716750562,0.11989461848456998,365,0,323,2,27,0,0,0.4872100119976834,0.9043009393627559,0.7409661427635004,0.7430226724643942,0,0.0,0,0.0,0.0,3.4159039855003357,0.45815032720565796,2.957417905330658,0.0003990534595325437
120,0.7096090326085687,0.634765625,0.8669229241750589,0.4200621421692623,8.67578125,1.3092613899657826,0.10855448129586875,0.10712935092054618,325,0,284,3,37,0,0,0.45792924064847323,0.9101211130937562,0.7098710531475901,0.743845551648597,0,0.0,0,0.0,0.0,3.323755532503128,0.47008848190307617,2.853067636489868,0.0003989859352704387
128,0.5502727965358645,0.599609375,0.8393289484762723,0.3485177192678668,8.611328125,1.3604397410338587,0.11327762535074726,0.10979232978322653,307,0,264,1,27,0,0,0.430268427804184,0.915587318645409,0.6792548906976061,0.7445713836254931,0,0.0,0,0.0,0.0,3.5498271882534027,0.46916767954826355,3.0802170634269714,0.00039891842243418616
136,0.6565086756600067,0.603515625,0.8732114095156365,0.32903780083734935,8.501953125,1.2828163467323563,0.10079414572101086,0.09704046046627822,309,0,259,0,44,0,0,0.40410059518274194,0.9207210834630761,0.6486859529043449,0.7452116137696003,0,0.0,0,0.0,0.0,3.245540052652359,0.4598618745803833,2.7851578295230865,0.00039885092102185277
144,0.5112034997437149,0.625,0.885261342276145,0.35973915000243273,8.55078125,1.2639856884142524,0.08204323527752422,0.07842663762917701,320,0,204,0,26,0,0,0.3795242236582675,0.9255426257475861,0.6187093150057135,0.745776337631969,0,0.0,0,0.0,0.0,3.1946014165878296,0.4568355977535248,2.7373994290828705,0.00039878343103150546
152,-0.2478222080389969,0.556640625,0.817310307859703,0.29803391053391054,8.583984375,0.8032945661065336,0.11669272027211264,0.11182023353621565,285,0,247,1,39,0,0,0.3566397273415761,0.9300709340801602,0.5896930253401653,0.7462744601331728,0,0.0,0,0.0,0.0,3.244045317173004,0.4655873477458954,2.778150826692581,0.0003987159524612115
160,-0.39930263301357627,0.5625,0.7583630251863596,0.3529716139091139,8.6875,0.7301409316432435,0.08054783454281278,0.07985907284428492,288,1,242,0,51,0,0,0.33494980521817475,0.9328331686949005,0.5612092893637659,0.7465629687457157,0,0.0,0,0.0,0.0,3.2884594798088074,0.47371363639831543,2.8143553733825684,0.0003986484853090385
168,-0.6349171767942607,0.53515625,0.753110010023891,0.31311688653956204,8.736328125,0.7094086171743794,0.13101692390046082,0.1290941497675563,274,0,235,12,89,0,0,0.31630217096069196,0.9369180847280713,0.5355734576077995,0.7469683189976813,0,0.0,0,0.0,0.0,3.3462451696395874,0.4700447916984558,2.875874787569046,0.0003985810295730544
176,-2.7634770832955837,0.263671875,0.2949055284992785,0.23243522068170983,9.373046875,0.49474294403445507,0.11788385680119973,0.11905261464027131,135,0,98,17,152,0,0,0.3014304650308858,0.9407545665464098,0.5144335424473123,0.7473258637993581,0,0.0,0,0.0,0.0,3.4555779695510864,0.5259694457054138,2.929173618555069,0.0003985135852513274
184,-1.650325363036245,0.427734375,0.5600089929134047,0.30900418261051,9.5,0.5147697729740083,0.1129129264736548,0.11579459677039104,219,9,152,13,87,0,0,0.28558742271102816,0.9375247211680244,0.492511059591762,0.7470263478333712,0,0.0,0,0.0,0.0,3.530745357275009,0.5628602206707001,2.967484951019287,0.00039844615234192613
192,-0.6172215809492627,0.583984375,0.7893910913647756,0.3681040421004761,9.5859375,0.8997897681457667,0.12520211219089106,0.1264804533093693,299,16,235,14,49,0,0,0.2699230454117515,0.9261989874610667,0.47008650259449203,0.7461944464368293,0,0.0,0,0.0,0.0,3.9377719163894653,0.563464492559433,3.373864233493805,0.00039837873084291945
200,-0.7573622816707939,0.568359375,0.7159994684372261,0.4217633875215011,9.912109375,0.816805226949042,0.11925338406581432,0.11975171259072456,291,36,194,20,45,0,0,0.25610421042568043,0.902933290180641,0.4490001477551323,0.7436078734853475,0,0.0,0,0.0,0.0,3.755908280611038,0.5909788310527802,3.16465961933136,0.0003983113207523767
208,-0.5622929974342696,0.603515625,0.8007371897552162,0.41938713084693136,9.443359375,0.9347745440546243,0.12060264183674008,0.12190259209129414,309,19,224,23,46,0,0,0.24333245050060537,0.8903872709267922,0.4301024550747917,0.7416955413095391,0,0.0,0,0.0,0.0,3.594255566596985,0.535182923078537,3.058778703212738,0.0003982439220683673
216,-0.4798127021640539,0.642578125,0.8219705965018465,0.45628417943165506,10.724609375,0.9603314813928847,0.11489773693028837,0.1116501044317297,329,13,245,27,37,0,0,0.23176681404623237,0.8815042982686894,0.41149512033406077,0.7396523199277611,0,0.0,0,0.0,0.0,4.142222195863724,0.6681540608406067,3.4737875759601593,0.00039817653478896125
224,-0.41525579313747585,0.6328125,0.7948252217553688,0.48721210049335045,10.646484375,1.0618988552599844,0.10921551729552448,0.11463370849858426,324,14,219,21,33,0,0,0.22011220943950108,0.8682440244289187,0.3941968406410242,0.7367744298674022,0,0.0,0,0.0,0.0,4.055551290512085,0.6333414316177368,3.421894520521164,0.0003981091589122287
232,-0.730864017852582,0.6328125,0.8396251821561419,0.39943218476556175,10.28125,0.9234424144695763,0.14715978759340942,0.16182039683225116,324,19,256,11,25,0,0,0.20789226701849303,0.8529523588054265,0.37515593648511203,0.7335263480749239,0,0.0,0,0.0,0.0,3.974490165710449,0.6274463534355164,3.3467580676078796,0.00039804179443624023
240,-0.5874665022129193,0.67578125,0.8803681738164497,0.4624603666942377,9.8046875,0.7008885374137623,0.11172293347772211,0.11557839269556852,346,11,257,3,26,0,0,0.1955984357318425,0.8343728257891346,0.355112471162641,0.7298332716118289,0,0.0,0,0.0,0.0,3.786851704120636,0.5793830454349518,3.2071688175201416,0.0003979744413590667
248,-1.0945186796598136,0.58984375,0.7789533392981669,0.4120053349547249,10.46484375,0.7437549318622405,0.10476969939190894,0.11149526512905636,302,9,219,11,30,0,0,0.18513689737548428,0.8297362110431303,0.33765993416480533,0.728317439722334,0,0.0,0,0.0,0.0,3.96873676776886,0.6385912597179413,3.329872041940689,0.00039790709967877925
256,-0.4397978251799941,0.6796875,0.8459455785130845,0.5336118780215673,10.470703125,0.6724709723306405,0.10695768904406577,0.11124978841873322,348,13,285,7,32,0,0,0.17474080615762574,0.8217801527272701,0.32121633766914226,0.7258016421375155,0,0.0,0,0.0,0.0,4.357636958360672,0.6438523530960083,3.7134798169136047,0.0003978397693934495
264,-0.06152578358887695,0.646484375,0.7250508981705409,0.5629457753345406,11.36328125,0.7575718540870073,0.18180847429903224,0.18690238298945835,331,49,270,19,118,0,0,0.16644675259451722,0.8168465255655338,0.3064981619687993,0.7256993379761592,0,0.0,0,0.0,0.0,4.511587083339691,0.7215535342693329,3.7897422313690186,0.0003977724505011492
272,0.6115257363780984,0.69921875,0.7197446580767014,0.6693177528401113,13.515625,1.5047353860881136,0.20441407353791874,0.21045767193047837,358,72,266,61,54,0,0,0.16247045403622648,0.7928992545916582,0.29880292441111234,0.7187574886403068,0,0.0,0,0.0,0.0,5.227372527122498,0.8527268767356873,4.374340057373047,0.0003977051429999506
280,0.8400330223048513,0.740234375,0.7415120934105264,0.7411529585542378,16.35546875,1.627571107884979,0.12823961465619504,0.12932005942349276,379,116,238,82,76,0,0,0.15926696804490165,0.7695682301463377,0.29377765912631715,0.7110455400123779,0,0.0,0,0.0,0.0,6.240043729543686,0.9999845623970032,5.239738464355469,0.00039763784688792616
288,0.9437280598795041,0.755859375,0.7828254886750436,0.7384840704397155,15.576171875,1.8985804259608452,0.12453196207934525,0.12697221775254802,387,115,307,153,75,0,0,0.16220156351028012,0.7463003554701612,0.2965680764828793,0.7032849713863144,0,0.0,0,0.0,0.0,6.116513818502426,0.9865473210811615,5.129555255174637,0.0003975705621631487
296,1.1224835321772844,0.841796875,0.8305064118929194,0.8578893128982872,15.470703125,1.5097849586908088,0.12191956919559743,0.12606656399284089,431,87,330,141,35,0,0,0.16276223497153583,0.7183238095340377,0.2986269553511709,0.6915768758535428,0,0.0,0,0.0,0.0,6.034848093986511,0.920703649520874,5.113742709159851,0.00039750328882369137
304,0.7357689943746664,0.611328125,0.6279548475102015,0.5969076353647855,19.990234375,2.596481813006416,0.12137800711207092,0.12721568048410703,313,230,214,468,121,0,0,0.1800774183274801,0.695736750014488,0.32350774449950825,0.6818641537032573,0,0.0,0,0.0,0.0,7.87006151676178,1.2161895334720612,6.6534929275512695,0.0003974360268676277
312,1.2779548396356404,0.6484375,0.6447254321246256,0.6566038309989923,23.943359375,2.661141398764467,0.11164128135715146,0.11460463725424591,332,163,274,879,179,0,0,0.20660150022690507,0.6847182795480146,0.36552790285432313,0.67617377171641,0,0.0,0,0.0,0.0,9.812080979347229,1.459276258945465,8.35237741470337,0.0003973687762930314
320,1.2725608667824417,0.537109375,0.559838015536545,0.5063243739429084,25.767578125,2.923739708666984,0.10531394918507431,0.10801637872533065,275,146,265,1510,159,0,0,0.2391033248477885,0.6746704539674924,0.41548648848227043,0.6710605217616692,0,0.0,0,0.0,0.0,11.30031543970108,1.595884919166565,9.7039974629879,0.00039730153709797674
328,0.7565086000831798,0.5546875,0.6319866165128263,0.4792133445087299,15.47265625,2.247645897842473,0.19472816135385074,0.19483175605031583,284,130,265,759,118,0,0,0.25263934825296475,0.6650237907221223,0.44068039046115914,0.6662376164395929,0,0.0,0,0.0,0.0,6.616302013397217,0.9665866494178772,5.649399310350418,0.00039723430928053803
336,1.0862423207145184,0.6953125,0.7429857316627361,0.6347136062861869,12.44140625,1.740898069579098,0.21870693282107823,0.22208929630917068,356,78,288,265,75,0,0,0.25494996928335645,0.6553723197617918,0.44621486584013004,0.6620880007100289,0,0.0,0,0.0,0.0,5.091735690832138,0.7784431874752045,4.312836706638336,0.0003971670928387901
344,0.9203677633777261,0.708984375,0.7818621482683983,0.6375893160610555,11.21484375,1.6678743918852716,0.14826129376888275,0.14880393928341284,363,48,256,156,66,0,0,0.25249564785550577,0.6505233637187082,0.44190117397772366,0.6585621693313269,0,0.0,0,0.0,0.0,4.4905897080898285,0.6785528063774109,3.8117344081401825,0.00039709988777080813
352,0.9812184441834688,0.759765625,0.8000554950168083,0.7075541125541125,10.525390625,1.3993040923516193,0.14874787768349051,0.1489545280482737,389,29,315,68,62,0,0,0.2428762594940983,0.6508060939405838,0.4288492522448557,0.659579195922208,0,0.0,0,0.0,0.0,4.220253139734268,0.6160837411880493,3.6038659811019897,0.0003970326940746675
360,0.9930894132703543,0.767578125,0.9004003371316812,0.6124757647977892,10.0546875,1.4559631992788393,0.15696059656329453,0.15760137410762176,393,15,332,30,47,0,0,0.23105639159916697,0.6543088996453617,0.41108097932624676,0.6622185775698877,0,0.0,0,0.0,0.0,4.001951962709427,0.5688784718513489,3.4327573776245117,0.0003969655117484439
368,0.770497627556324,0.6875,0.8319050821839868,0.5469829011662128,9.45703125,1.286270463636571,0.1392165026627481,0.1416398913282779,352,17,314,28,49,0,0,0.2197157171880986,0.6602729558308926,0.39385329881195696,0.6632796724829879,0,0.0,0,0.0,0.0,3.7285166680812836,0.5285098552703857,3.199687749147415,0.0003968983407902135
376,0.8592887725681067,0.72265625,0.8674218679407246,0.5868202110389611,9.546875,1.1124968507324011,0.14948230748996139,0.15149949107917854,370,11,319,43,30,0,0,0.21013870462511075,0.6649872293066967,0.3782235170390216,0.6644940205461469,0,0.0,0,0.0,0.0,3.765540897846222,0.5327769815921783,3.2324664890766144,0.0003968311811980527
384,0.7680097464472055,0.69921875,0.8297987224581109,0.5512976748670483,9.228515625,1.194283990695824,0.15995597053552046,0.1628345648093642,358,6,285,15,41,0,0,0.19870959936481122,0.6781198812745296,0.3604387117985831,0.6710663716604921,0,0.0,0,0.0,0.0,3.865830510854721,0.5144334137439728,3.3510691821575165,0.00039676403297003824
392,0.6873515895567834,0.6640625,0.8699219203529548,0.45604522759408905,9.1015625,1.0532449397821195,0.15180260606575757,0.1568577024796598,340,7,312,13,42,0,0,0.18784075093656602,0.6904643332704226,0.34246162618651876,0.6770046563036597,0,0.0,0,0.0,0.0,3.5499889850616455,0.48819127678871155,3.0615030229091644,0.00039669689610424705
400,0.3281909285869915,0.60546875,0.8029971953732731,0.44138756772325316,9.447265625,0.6996323787323613,0.15307157556526363,0.15930298939871806,310,18,274,14,38,0,0,0.17764413807579887,0.6901963532078229,0.32602945771944225,0.6774041056648712,0,0.0,0,0.0,0.0,3.6222587525844574,0.5271266400814056,3.0948306024074554,0.00039662977059875675
408,-0.7162721087224782,0.48046875,0.5852423785891527,0.3841877488222369,10.1171875,0.6591976439096179,0.17036240349989384,0.18248195718528848,246,11,195,33,52,0,0,0.17227327382520732,0.6995403389204439,0.3166301462126655,0.6812225441429672,0,0.0,0,0.0,0.0,3.8429941534996033,0.5996765494346619,3.2430428564548492,0.0003965626564516449
416,-1.1092157664243132,0.470703125,0.6436079860648827,0.30244609898039154,9.505859375,0.7814111847334947,0.09092666924698278,0.09549774296647892,241,10,181,33,62,0,0,0.16739309725471138,0.7091406175717975,0.30726863850853914,0.6864883093627921,0,0.0,0,0.0,0.0,3.558571994304657,0.553981751203537,3.0042609572410583,0.0003964955536609895
424,-1.208723691292107,0.46875,0.5398872454248123,0.3935072141514139,9.837890625,1.0102795080632674,0.09247208444867283,0.09645258870051925,240,23,179,57,57,0,0,0.16538097937599874,0.7072430066416154,0.30416365913112786,0.6859648573533434,0,0.0,0,0.0,0.0,3.7271861732006073,0.5767295360565186,3.1502064764499664,0.00039642846222486905
432,-0.7128654234693386,0.541015625,0.666283671525607,0.41340326652825576,9.560546875,0.9202762928811916,0.09721996646840125,0.10096691678692092,277,13,219,43,83,0,0,0.16075259141645065,0.7166112019824327,0.2960493077271027,0.6890966228290903,0,0.0,0,0.0,0.0,3.6591283082962036,0.5319484174251556,3.1269111037254333,0.00039636138214136214
440,-0.6648703287355602,0.52734375,0.6142432636039395,0.44208156607569304,9.8515625,0.846229986269848,0.09647042263532057,0.1016259533640658,270,20,209,43,125,0,0,0.1568526023030478,0.7263138883617434,0.2904667606221958,0.6933402764106047,0,0.0,0,0.0,0.0,3.842768371105194,0.5800714492797852,3.262428432703018,0.0003962943134085478
448,-0.7753900734242052,0.5546875,0.7140435704462625,0.40907347424188034,9.525390625,0.9133241706480903,0.12110196868889034,0.12375973236122048,284,11,225,36,98,0,0,0.15147451311958726,0.736520181881545,0.28130570090679274,0.6973516124190057,0,0.0,0,0.0,0.0,3.941645860671997,0.5339132845401764,3.407412886619568,0.0003962272560245054
456,-1.2796208416111767,0.48046875,0.5688622144431936,0.3736064689041956,9.92578125,0.7108769429422138,0.1137077211169526,0.11685622489236291,246,19,175,44,123,0,0,0.14905740804489143,0.7439378351607248,0.27758862426581266,0.7005533903592227,0,0.0,0,0.0,0.0,3.8410767912864685,0.6030952036380768,3.237490177154541,0.00039616020998731454
464,-1.5472996867028996,0.48046875,0.608256289654316,0.3244257393746409,9.701171875,0.8436279176120514,0.12326119956560433,0.1253896305356102,246,13,178,23,89,0,0,0.1442118850203954,0.7526405890223348,0.2689279033504096,0.7037110694895083,0,0.0,0,0.0,0.0,3.6626665890216827,0.5450914204120636,3.117255538702011,0.00039609317529505525
472,-0.7556403955677524,0.53125,0.6160542203645651,0.4450122167437158,10.341796875,0.7969723990261928,0.1251923863310367,0.12924828639469882,272,9,193,49,78,0,0,0.141271883262637,0.7627852777407319,0.26292396754752456,0.7073646435799387,0,0.0,0,0.0,0.0,3.964758574962616,0.6188071966171265,3.3456802666187286,0.0003960261519458079
480,0.11735141163808294,0.578125,0.7102717715817416,0.45511123443607704,10.546875,1.486550844618479,0.12181906669866294,0.12170079973623386,296,26,201,38,64,0,0,0.13790460158044926,0.7601189287182686,0.2580317850868601,0.7071743952384527,0,0.0,0,0.0,0.0,4.056745767593384,0.6609557569026947,3.395494967699051,0.00039595913993765297
488,-0.9571115300350357,0.490234375,0.6200516045566101,0.37510528208525984,11.54296875,1.1188414400597895,0.10868825332727283,0.11132111001403644,251,33,156,42,60,0,0,0.1358698852106773,0.7538684337885454,0.25478713861049895,0.7051391189048114,0,0.0,0,0.0,0.0,4.357424467802048,0.7311907410621643,3.6259337067604065,0.0003958921392686716
496,0.46836539078503847,0.68359375,0.8136996767793139,0.5382605530456697,10.71875,0.9022157709014844,0.13399973267223686,0.13856569730178026,350,33,260,30,81,0,0,0.13097198475253308,0.7500564423094532,0.24478200211712997,0.7034497283446915,0,0.0,0,0.0,0.0,4.1873277723789215,0.6463419795036316,3.5406743586063385,0.00039582514993694495
504,0.024657956906594336,0.591796875,0.6122928832962551,0.572477466365334,14.111328125,1.155900384909533,0.09674292948329821,0.1055779347300597,303,63,135,89,169,0,0,0.13442393089858987,0.7448097381992667,0.25102010043442846,0.7015605919520518,0,0.0,0,0.0,0.0,5.437446087598801,0.900428295135498,4.536691308021545,0.00039575817194055464
512,0.612306670867838,0.6796875,0.7222320277620574,0.6384085345778895,14.015625,1.6203539739527177,0.09501738629478496,0.09490447523394362,348,80,198,146,75,0,0,0.14040302914544334,0.7269332896862732,0.2584790500791556,0.6947111605012717,0,0.0,0,0.0,0.0,5.675062716007233,0.86595818400383,4.808769971132278,0.00039569120527758263
520,0.3848492755605548,0.72265625,0.736284344768598,0.7070901835014738,15.45703125,1.5857932846653235,0.10432518644665834,0.10593658605403675,370,85,220,120,70,0,0,0.14271190621498406,0.7108758646185331,0.26442322537157625,0.6884001426950065,0,0.0,0,0.0,0.0,6.117443114519119,0.9000186920166016,5.217103362083435,0.00039562424994611124
528,0.7881388275127392,0.859375,0.8505084315807423,0.8664026497695853,15.20703125,1.3105833587344846,0.11087385010435469,0.10426607388935395,440,81,279,56,57,0,0,0.13940740228505502,0.6924962958151416,0.25973953874959255,0.6792848275055331,0,0.0,0,0.0,0.0,6.100958079099655,0.9059204459190369,5.194708406925201,0.00039555730594422297
536,0.6351717671423103,0.845703125,0.8419255090587616,0.8412988554095633,15.115234375,1.5170123131831534,0.11554610103485174,0.11272839493518935,433,87,277,74,50,0,0,0.13783091138912165,0.6728537997524985,0.25602911234602876,0.6709218716131088,0,0.0,0,0.0,0.0,6.047607868909836,0.9049807190895081,5.142286539077759,0.00039549037327000076
544,0.6780007777560968,0.875,0.8812882738759263,0.8714127573022757,15.392578125,1.4362871731414004,0.09136366530947271,0.09178562156368641,448,99,272,62,48,0,0,0.13503830177526435,0.651850784901735,0.2527871686611599,0.6606257739161606,0,0.0,0,0.0,0.0,6.191864401102066,0.9403249323368073,5.251070290803909,0.00039542345192152787
552,0.5326892883167602,0.814453125,0.8046917355651938,0.8282275883838384,16.72265625,1.3109496030116972,0.08948050052276812,0.09129962693506519,417,129,234,49,55,0,0,0.13215986106776156,0.6313987255864533,0.24750135163492393,0.6495534916931457,0,0.0,0,0.0,0.0,6.461085200309753,0.8850121796131134,5.575666546821594,0.0003953565418968878
560,0.4451167398074176,0.84765625,0.8906637972687668,0.8048937346146233,16.05078125,1.0945696190773748,0.0680282029825321,0.0689706660946533,434,108,244,21,42,0,0,0.126361627111923,0.6102268731194092,0.23823898696048817,0.6382287268329704,0,0.0,0,0.0,0.0,6.227323442697525,0.8710625767707825,5.35585755109787,0.0003952896431941645
568,0.5567163635569159,0.9140625,0.9100304351620141,0.9124827121337132,15.400390625,0.9662421521316681,0.07062606960244011,0.07023615580401117,468,98,280,21,20,0,0,0.12079173419323025,0.5855641616133396,0.22756630408955292,0.6233401000324368,0,0.0,0,0.0,0.0,6.076071530580521,0.8672760426998138,5.208433628082275,0.00039522275581144206
576,0.6145772653399035,0.90625,0.9163564585759278,0.8946588131490651,16.357421875,1.0697568212365025,0.07424301303399261,0.0744340140391887,464,133,270,41,32,0,0,0.11751286384304449,0.561616653276521,0.22215442757319181,0.6079027323347732,0,0.0,0,0.0,0.0,6.624378144741058,0.8524253368377686,5.771623969078064,0.00039515587974680514
584,0.5005747438990511,0.826171875,0.8451220610301332,0.8071171594609095,16.19921875,1.3541333644505267,0.0648960769030964,0.0655775705175822,423,144,244,41,48,0,0,0.11490076012681266,0.5425086710701511,0.21723947638364527,0.5946028376708203,0,0.0,0,0.0,0.0,6.30099830031395,0.8836291134357452,5.417046368122101,0.0003950890149983386
592,0.5247930912300944,0.859375,0.844916529830323,0.871185284458611,17.6875,1.2091808457994562,0.0683130593097303,0.06995057742772887,440,199,274,47,33,0,0,0.11269803455940795,0.5187566796054255,0.21212014380822353,0.5787150804978345,0,0.0,0,0.0,0.0,6.898743093013763,0.9678335189819336,5.930632919073105,0.0003950221615641275
600,0.5000229144934565,0.8671875,0.8675881236325722,0.879086021025784,17.244140625,1.0842001810588906,0.0563788034778554,0.05759504712500565,444,174,252,23,40,0,0,0.1082028917288148,0.4985431843152133,0.2045152049305934,0.5633085182698795,0,0.0,0,0.0,0.0,6.627624750137329,0.8912330865859985,5.736028462648392,0.0003949553194422575
608,0.5429380272398703,0.912109375,0.9407753240592425,0.8807668894571008,16.55078125,1.0520750042421345,0.0546465924999211,0.05510047306799144,467,173,293,24,14,0,0,0.10401209686934042,0.47257803384635205,0.197570904014998,0.5440452342465462,0,0.0,0,0.0,0.0,6.4516076147556305,0.8854503929615021,5.565724223852158,0.0003948884886308142
616,0.4190209385342314,0.818359375,0.8642765529150729,0.7685313530648217,20.57421875,1.058117828083208,0.057565882794733625,0.05823364962690583,419,272,223,41,44,0,0,0.10233942988718675,0.45227818403327885,0.19353161176913847,0.5269586970639337,0,0.0,0,0.0,0.0,7.757221311330795,1.0088273286819458,6.748092532157898,0.00039482166912788397
624,0.35475412470987067,0.8203125,0.8437120001775174,0.7976964959834508,19.345703125,1.0748244737097905,0.05896232248778688,0.06306066863007563,420,224,246,20,44,0,0,0.09847240848834146,0.43499676206421145,0.1877941137194966,0.5119093203494316,0,0.0,0,0.0,0.0,7.405433714389801,1.0174398720264435,6.387739360332489,0.00039475486093155313
632,0.3768982620094903,0.837890625,0.8586492893833976,0.8185487593131093,22.53515625,0.9144598493154716,0.04557399218174396,0.04714619839384278,429,312,231,23,50,0,0,0.0950870802576185,0.41681938637582683,0.18224157969040944,0.49633728619352685,0,0.0,0,0.0,0.0,8.427370995283127,1.112671822309494,7.314375281333923,0.0003946880640399086
640,0.4059881115099415,0.84765625,0.8739137575075075,0.8260509844697925,21.615234375,0.9741272229626461,0.046025162329897285,0.04452523521711707,434,320,241,52,43,0,0,0.09421038708990938,0.39852435898274696,0.1803605182048731,0.4808654954866194,0,0.0,0,0.0,0.0,8.440623223781586,1.084825187921524,7.355516940355301,0.00039462127845103746
648,0.3496911000693217,0.77734375,0.8181437924164217,0.7250745506535947,24.138671875,1.1297486583363954,0.05016719916875445,0.04866092384954229,398,444,203,38,63,0,0,0.09239274015677394,0.3818052354038446,0.17654867607567581,0.4656254942221356,0,0.0,0,0.0,0.0,9.086749136447906,1.2556897699832916,7.830727189779282,0.0003945545041630271
656,0.3188091387273744,0.7890625,0.8433683394572842,0.7341121262996264,24.322265625,1.0645435789542008,0.05386415645443776,0.05400319141955598,404,371,207,37,47,0,0,0.091518451188828,0.36530772135714423,0.17520408650400543,0.4500535334379352,0,0.0,0,0.0,0.0,9.12005677819252,1.2500010430812836,7.869778633117676,0.00039448774117396536
664,0.3767219437431777,0.8359375,0.8726406691373565,0.8040418496727505,21.203125,0.9544896841429323,0.058197421252771164,0.056982265696934695,428,347,201,23,41,0,0,0.08903916881850857,0.34977620726040826,0.17095715411688583,0.4351372889931623,0,0.0,0,0.0,0.0,7.982422202825546,1.0933001339435577,6.888868629932404,0.0003944209894819403
672,0.39345439500175416,0.849609375,0.875714136332364,0.8266842117396553,21.287109375,0.9555134227614337,0.048760011661215685,0.048669660789125865,435,335,237,36,36,0,0,0.08756618996196293,0.334682679676467,0.16640486056986303,0.41998683266152226,0,0.0,0,0.0,0.0,8.103683590888977,1.1355577111244202,6.967830449342728,0.0003943542490850403
680,0.36557450880354736,0.8125,0.8508869890379573,0.776873186550606,20.638671875,1.0263216780085598,0.05530019126035768,0.05402432859884225,416,369,219,33,48,0,0,0.08588386213070706,0.32168903318510284,0.16536116493157105,0.40707287439380524,0,0.0,0,0.0,0.0,7.915964215993881,1.170557975769043,6.745103269815445,0.00039428751998135425
688,0.33903915480186697,0.81640625,0.8135161385551347,0.8110765139465798,22.013671875,0.9845733658331692,0.04905458734538115,0.0491973525177277,418,431,207,37,43,0,0,0.08517906876689932,0.30779625260358756,0.16432935716604813,0.3918477915200249,0,0.0,0,0.0,0.0,8.333766967058182,1.1564114093780518,7.177073210477829,0.00039422080216897104
696,0.3564491010038182,0.822265625,0.874258478945979,0.7727906196003305,22.470703125,0.9180751982967281,0.04534369523025816,0.046539113554342905,421,429,221,34,33,0,0,0.084038262380392,0.2936933518789398,0.16057097324967895,0.3776374996349781,0,0.0,0,0.0,0.0,8.537721991539001,1.2274211049079895,7.31000754237175,0.0003941540956459801
704,0.33574360413513205,0.830078125,0.8509638237579414,0.8052493667099765,20.619140625,0.921154464497782,0.04245989151968388,0.044462385354788574,425,358,194,23,45,0,0,0.08160198147132741,0.28257549926130715,0.15652003890243582,0.3658220831694149,0,0.0,0,0.0,0.0,8.05580398440361,1.088456928730011,6.967011451721191,0.0003940874004104712
712,0.2711363988928497,0.763671875,0.8069355974227297,0.7243583625938235,25.595703125,0.907758090146559,0.059082915395265445,0.056139681010182005,391,554,170,40,42,0,0,0.08165796217892089,0.27029635727780965,0.15705404233891918,0.35174703100612603,0,0.0,0,0.0,0.0,9.61103829741478,1.42544224858284,8.185260564088821,0.0003940207164605343
720,0.2491200766817201,0.74609375,0.7457061893672425,0.745425262075707,23.171875,0.8888178496664885,0.053659646333471755,0.051581634640703214,382,455,184,44,63,0,0,0.0818292540965698,0.26119810090660905,0.15783112353761963,0.3412395966447652,0,0.0,0,0.0,0.0,8.765113174915314,1.2648947536945343,7.4999313950538635,0.0003939540437942599
728,0.3062786453810986,0.806640625,0.8237948392360157,0.7893418503719294,26.5234375,0.8246591894289849,0.06055253915837966,0.05344295662925358,413,526,157,36,48,0,0,0.08098993092989808,0.2503733869060108,0.15418007275177537,0.329903804033449,0,0.0,0,0.0,0.0,9.88279840350151,1.3882443308830261,8.494173377752304,0.00039388738240973847
736,0.23110654746415094,0.763671875,0.7527650780266131,0.7735777566515576,23.685546875,0.8768717431937652,0.06466954690586135,0.06430264240976909,391,453,165,37,56,0,0,0.08105031598228166,0.24178587320938544,0.15489533410411893,0.3205492902395487,0,0.0,0,0.0,0.0,8.846398741006851,1.189952701330185,7.656181156635284,0.0003938207323050611
744,0.0928475022665225,0.658203125,0.7495712748871741,0.5602449786732875,24.4296875,0.7766897455941087,0.03764597238841816,0.03577207100756721,337,579,134,42,101,0,0,0.0820420657051437,0.23625129379929485,0.15440636713625755,0.31310676523675895,0,0.0,0,0.0,0.0,9.140154719352722,1.2978295981884003,7.841911554336548,0.00039375409347831917
752,0.17804191863433516,0.732421875,0.8100601141375101,0.6488658725138801,21.400390625,0.7749719201304871,0.04542844041134231,0.04495051961197456,375,424,160,28,63,0,0,0.08086789031922281,0.2299636324266056,0.1543700013667617,0.3060976416804595,0,0.0,0,0.0,0.0,8.094725131988525,1.154356449842453,6.9400555193424225,0.0003936874659276043
760,0.1734733055382094,0.71875,0.8135307908997425,0.6244985016103968,24.021484375,0.8339937327910496,0.0503387263888726,0.050148745848156755,368,571,159,35,46,0,0,0.08065299891417622,0.22071363335227218,0.15312914705819602,0.29587041955534843,0,0.0,0,0.0,0.0,9.024827480316162,1.3440056443214417,7.680522203445435,0.0003936208496510085
768,0.18236169464580598,0.68359375,0.746670085699714,0.6269934031025508,20.357421875,1.043849239242217,0.047133460799159366,0.045948625929279376,350,373,133,12,74,0,0,0.07730276414109927,0.21691995144339138,0.14910719723902188,0.2899814576083175,0,0.0,0,0.0,0.0,7.960149526596069,1.1511068046092987,6.808695763349533,0.0003935542446466239
776,0.24770121267647482,0.626953125,0.6775698526528697,0.5748438121282948,25.62890625,1.077367875689399,0.04728151883682585,0.04883948891926561,512,822,137,46,94,1580,1326,0.07733929990068134,0.2099766777441024,0.1493805365419808,0.2822212685991873,26,3.1153846153846154,14,0.7767857142857143,0.26454382681653704,21.317810207605362,1.4456377029418945,11.53526645898819,0.00039348765091254325
784,0.31874452272313647,0.6875,0.7426137716252754,0.6341017882560752,26.12109375,1.0626156807761202,0.03939186510251602,0.04027668979781028,512,857,141,52,74,1480,1070,0.07780614915867966,0.20197904472180614,0.15024823690453393,0.27354989705351584,24,2.2916666666666665,12,0.7291666666666666,0.24158657419805726,18.927099496126175,1.505874365568161,11.238926142454147,0.00039342106844685954
792,0.29721064554178156,0.70703125,0.7741960769115941,0.6516676047024095,27.5625,1.0700965752499445,0.04545851978036808,0.04570634645258085,512,909,121,53,72,1641,908,0.0778459830676656,0.19405951628591048,0.15032225292835433,0.2639541835188922,28,1.8214285714285714,9,0.7777777777777778,0.4517899875839551,18.044664293527603,1.5747240781784058,11.686058342456818,0.0003933544972476659
800,0.27689571864902973,0.697265625,0.808432150638033,0.591006506194133,25.30859375,1.0852734720458583,0.03810082083509769,0.037266673684256714,512,764,127,39,72,1605,659,0.07697282829343169,0.18739994978075453,0.14891584281855041,0.2556362287418572,22,1.8181818181818181,9,0.8194444444444444,0.41400431500126916,17.681775271892548,1.4017831087112427,10.667119026184082,0.000393287937313056
808,0.23752415240596747,0.685546875,0.7257900740941537,0.6448611367221915,26.453125,1.0090585488985606,0.038199662463739514,0.04005766945922737,512,917,106,36,84,1358,1244,0.0761641707528755,0.18108991583272935,0.14677962393665211,0.2476591972001415,28,3.0714285714285716,8,0.71875,0.5288637785706669,18.003094851970673,1.4686631858348846,11.384493231773376,0.0003932213886411237
816,0.2841054930613609,0.74609375,0.8205149944682304,0.6747551453613745,25.099609375,0.9285109132200086,0.04355137235324946,0.04587447985867757,512,850,117,33,49,1256,726,0.07495411508512288,0.1733811636651247,0.14452507942418613,0.23864859574396724,20,2.1,7,0.8214285714285714,0.2612098719192935,15.864021569490433,1.4143551290035248,10.247861504554749,0.0003931548512299633
824,0.2747963599686045,0.734375,0.7970728008945513,0.6719438457854405,25.7734375,0.9322103489758065,0.041727623120095814,0.044695114270594694,512,859,94,22,53,1309,822,0.07271448914770048,0.1662925226361875,0.14120309751602522,0.22992534258501293,22,2.5454545454545454,10,0.7375,0.32071783461142334,17.760681450366974,1.4530129134654999,10.578480541706085,0.00039308832507766925
832,0.32031633936276194,0.76171875,0.8229692039282557,0.7110448136554043,25.740234375,1.0751996292670847,0.03493367660030344,0.036131526831902794,512,824,124,23,49,1082,741,0.07082062435589521,0.15952602494585974,0.13680122939786876,0.22107679295665245,14,2.0714285714285716,4,0.84375,0.6842496753670275,14.606682777404785,1.5172681212425232,10.508022338151932,0.00039302181018233655
840,0.26017153028806206,0.71484375,0.7422601175029915,0.6814868006756052,27.82421875,1.0412851360775042,0.03234332425745379,0.033737294591471026,512,990,104,34,56,1373,1103,0.0702321170840021,0.15304254708934753,0.1353049789082741,0.21271891236344329,19,2.789473684210526,7,0.8035714285714286,0.49492389283009935,16.974206417798996,1.6324637234210968,11.62392446398735,0.0003929553065420603
848,0.2811707953369478,0.72265625,0.7681198152444123,0.6885777522782095,27.9296875,0.9918563964211774,0.048587679839556586,0.05297778256294494,512,1007,99,43,51,1428,1115,0.07019648914438634,0.14666933264173743,0.1362678319020274,0.20502258826603545,19,2.473684210526316,7,0.7678571428571429,0.3600588878970094,17.397510051727295,1.6080147624015808,11.589272916316986,0.00039288881415493605
856,0.28623209982470144,0.71875,0.7978093499944781,0.6369273435354825,26.962890625,1.0732345730954984,0.04021015213038481,0.03992402208527682,512,974,111,33,60,1534,849,0.06940755467886243,0.1412881856919513,0.13435863675803716,0.1977303360180871,20,2.15,7,0.7857142857142857,0.43777054821008016,21.206220358610153,2.632587105035782,11.570886313915253,0.0003928223330190597
864,0.3259850822505541,0.740234375,0.7808160398839278,0.7072431953895426,25.912109375,1.1680115511478488,0.037888573108830315,0.0381743607712898,512,815,114,39,53,1150,808,0.069281125900262,0.136468024049065,0.13391564750275486,0.19160288592875402,23,1.608695652173913,7,0.7321428571428571,0.4915790297091007,23.030987709760666,2.6618618965148926,10.917407274246216,0.0003927558631325273
872,0.2997867527301423,0.740234375,0.814727916793863,0.6596418032823066,26.84765625,1.1240101030452987,0.04146764683900983,0.04294105670115327,512,880,86,26,61,1300,800,0.06798352599419566,0.13220458299835977,0.1316858837542857,0.18603190199077815,24,2.5833333333333335,7,0.8392857142857143,0.5608030815409231,23.667419463396072,2.8054277300834656,11.440902173519135,0.0003926894044934354
880,0.2924799498578068,0.724609375,0.7554202641382841,0.6868403706179441,25.916015625,1.0894856633127616,0.03442605899181217,0.034706365951707535,512,867,82,25,40,1146,1039,0.06659792103189853,0.1268888826761832,0.12951319330821842,0.17907489758748055,22,1.7272727272727273,8,0.765625,0.3050698274746537,21.187465608119965,2.6060813665390015,11.114884942770004,0.00039262295709988076
888,0.22874807667540153,0.705078125,0.7578284761871257,0.6476326177183032,27.630859375,0.97704457495536,0.03846137923073911,0.03952804705344455,512,933,83,22,42,1333,1043,0.06501327754746065,0.12180772787137296,0.1253053457315484,0.17225987039621504,22,2.409090909090909,7,0.6964285714285714,0.5072703020913261,22.62690559029579,2.8286214470863342,11.913356393575668,0.00039255652094996065
896,0.2693468518409645,0.69921875,0.7681679901240592,0.6316536362555633,28.056640625,1.070146028748192,0.040243836711852055,0.04000874579263065,512,965,80,35,55,1491,1026,0.06463779838813842,0.11766295890555462,0.1242334192487583,0.16682863394759104,26,1.9615384615384615,7,0.8035714285714286,0.5714600158057043,24.047726839780807,2.8739626109600067,12.469746530056,0.00039249009604177236
904,0.28092455920705106,0.71484375,0.782671323302116,0.6394957585120835,29.875,1.1654704423595392,0.04186209666841023,0.046662539896973054,512,1069,73,28,66,1599,989,0.06372073774178984,0.11408137463705412,0.12387380306270934,0.1616828333468023,29,1.8275862068965518,4,0.875,1.5092016945127398,23.40196266770363,3.2190137207508087,12.866760700941086,0.0003924236823734138
912,0.30499524020706303,0.70703125,0.7750119217346509,0.6329166310663021,26.34375,1.2237065480773384,0.030933824134990573,0.03067524662971391,512,925,77,29,52,1405,852,0.06285140748583969,0.11044751872001046,0.12223280680875537,0.15717740464228955,17,1.1176470588235294,3,0.75,0.7663112419346968,17.28367194533348,2.90569007396698,11.416899651288986,0.00039235727994298294
920,0.2607174464210402,0.693359375,0.7778364761820644,0.5996621621621621,25.169921875,1.152247796754549,0.04036589713723515,0.04050404232364295,512,848,83,15,64,1445,874,0.060728221693345234,0.10807865556803199,0.11800446911661189,0.15360132755213088,13,2.1538461538461537,0,0.0,1.6513748746365309,15.394396126270294,2.5781593918800354,11.13493475317955,0.00039229088874857826
928,0.2625914928030397,0.72265625,0.8028186419315453,0.6533193574068454,30.037109375,1.0489835029492465,0.036722430257214,0.03793899133272864,512,1063,74,29,41,1456,876,0.059982225846735814,0.10375038080820177,0.11680588354211541,0.14821721457216208,26,2.3846153846153846,9,0.7777777777777778,0.42025793416218626,23.561647593975067,3.2033266723155975,12.654333233833313,0.0003922245087882985
936,0.28113044949714094,0.734375,0.7901313594515961,0.6797648338181427,31.41796875,1.1444228683027582,0.041735253928891325,0.041607754537385695,512,1114,60,32,55,1351,965,0.05970726212359182,0.10027410730061623,0.11586265315006017,0.14347001919763314,18,2.2777777777777777,7,0.7857142857142857,0.4051630190972771,24.27717301249504,3.338135838508606,13.017066240310669,0.0003921581400602427
944,0.22718238875859242,0.67578125,0.7513309644995485,0.5980322766958142,29.26171875,1.1179441873070672,0.037463303549884586,0.038114506990139296,512,1074,51,24,51,1655,1182,0.05862106029267958,0.09694582674074075,0.11444655044025276,0.1390327229519671,28,1.7142857142857142,6,0.7291666666666666,0.6091963372503718,25.87135773897171,3.212448090314865,12.978770852088928,0.00039209178256251025
952,0.21855855463581975,0.6640625,0.7276931669572799,0.6001420454545454,28.697265625,1.0785179222995156,0.032413593917226535,0.03242545841339983,512,1029,64,34,58,1572,1244,0.058730522033101334,0.09437061213991181,0.11443310447338462,0.13565488151850313,25,2.36,8,0.78125,0.4711795942421304,24.942716419696808,3.173442095518112,12.721411406993866,0.0003920254362932009
960,0.27410062693525106,0.705078125,0.7748564379256979,0.6389249529168883,28.12890625,1.1579297684475867,0.033677828089395234,0.03438867219836396,512,975,76,27,51,1460,875,0.057946873799708636,0.0917773386655655,0.11174701507511542,0.1317794685435504,20,1.55,2,0.8125,1.2437927955761552,18.245107173919678,3.0041052997112274,12.330359488725662,0.0003919591012504146
968,0.25832233449818887,0.720703125,0.7713741774863099,0.6597578579196226,28.3828125,1.0811808179072018,0.051008480662858346,0.05313931121067409,512,1023,47,24,42,1265,1008,0.05697136114765374,0.08856494887337642,0.1108780867246959,0.12748730175830972,26,1.5,8,0.71875,0.33266752515919507,23.683985948562622,3.380544811487198,11.94112092256546,0.00039189277743225184
976,0.2597062554123113,0.70703125,0.7488399242799557,0.6606741483123738,29.802734375,1.149757255685853,0.0322605894816661,0.03265503014114558,512,1144,49,19,46,1465,1159,0.055548855807187804,0.08571790958928246,0.10838748409942023,0.12360604759972821,19,1.6842105263157894,4,0.84375,0.9059819374233484,21.685653924942017,3.394380748271942,12.81850203871727,0.0003918264648368131
984,0.250087419670308,0.703125,0.7787563531396549,0.6229708852345115,27.021484375,1.2472170512038092,0.040768639450107,0.04052968587469044,512,949,45,14,30,1369,863,0.053757587200599546,0.08237500051266673,0.10519701805031767,0.11892360659705861,22,2.090909090909091,5,0.75,0.9044597871601582,22.501861095428467,3.1118132770061493,11.569199830293655,0.0003917601634621995
992,0.2200200317092822,0.69921875,0.7504194015030708,0.6455271678703873,28.23828125,1.0966859736342272,0.03345439213808277,0.03415948401549409,512,1012,43,20,32,1392,1021,0.05260065022042882,0.07921490184502458,0.10194035938030932,0.11449571832049851,19,2.4210526315789473,6,0.7916666666666666,0.2875467388269802,23.426735788583755,3.2212634682655334,12.224767684936523,0.0003916938733065123
1000,0.21604574974480784,0.654296875,0.734975750735866,0.5745957948829399,28.259765625,1.1457400179755348,0.030010897760803346,0.029780315427484605,512,1053,54,24,53,1675,1116,0.051971903996707244,0.07731938368311633,0.1013501559932859,0.11162569025373253,28,2.4642857142857144,9,0.7638888888888888,0.612315013901227,25.400153160095215,3.1013288497924805,12.492092877626419,0.00039162759436785314
1008,0.21851236904331017,0.69921875,0.729419143613256,0.6670903409873998,27.115234375,1.012571250712977,0.04670442091446603,0.04667074323423952,512,963,36,21,44,1292,982,0.05103998336428611,0.0753132634484126,0.09978475842241563,0.10898300482250742,20,1.8,7,0.6964285714285714,0.4858589606093509,23.008325219154358,2.948377549648285,11.604743540287018,0.00039156132664432396
1016,0.2055538952263305,0.66796875,0.7296033086658087,0.6025588603713604,32.650390625,1.0833927524802167,0.029825194172190095,0.02968945322918845,512,1337,42,26,55,1756,1207,0.05079323618193592,0.07327847779779496,0.09909646196933175,0.10628197008524551,24,2.0833333333333335,3,0.875,1.456496852139632,27.427355706691742,3.807277798652649,14.22971498966217,0.0003914950701340271
1024,0.21193330416281242,0.6640625,0.7696115750375385,0.5627772883346888,26.73828125,1.2354994255065823,0.040783639524306636,0.039939537419874625,512,996,33,23,59,1577,879,0.050232099745953024,0.07226140704740538,0.09741015142812925,0.10462306507737676,23,1.2173913043478262,3,0.7083333333333334,1.1879210875680049,20.262540817260742,3.0998996794223785,11.933349579572678,0.0003914288248350651
1032,0.22246489520694013,0.734375,0.8294542088382834,0.6396581377715279,25.4921875,0.9968523026200018,0.02869544639452215,0.02825479453706185,512,837,21,17,37,1223,673,0.04910225746592104,0.07044070442926831,0.09524514352176239,0.10215849301037239,20,2.4,5,0.725,0.7037109933793545,21.843106508255005,2.8357491493225098,10.547370105981827,0.0003913625907455409
1040,0.16033662597328657,0.646484375,0.7798165093693111,0.5085882593136364,25.748046875,1.040043326329706,0.0441731984319631,0.04383186807164112,512,933,28,17,33,1618,788,0.047928589334671326,0.06819292178507627,0.09404790328447021,0.0992858260218085,27,2.037037037037037,10,0.775,0.6295533142052591,24.57544869184494,2.946395695209503,11.226911544799805,0.0003912963678635577
1048,0.11773233313579112,0.63671875,0.7511079838742725,0.5254911587068845,28.935546875,1.0315243820835773,0.032463011896041394,0.033159778140624985,512,1046,33,18,36,1763,1008,0.04704764728242415,0.06605071873752626,0.09235692232725634,0.09613865029670254,32,2.53125,8,0.78125,0.6173794629867189,25.848804116249084,3.213179260492325,12.641417622566223,0.00039123015618721914
1056,0.1873026961911819,0.673828125,0.7401530874446554,0.6048365766255435,28.93359375,1.0830147350849397,0.0429128290816152,0.04274117234658131,512,1078,27,14,41,1481,982,0.04577797090910712,0.06425852631340162,0.0896928481175806,0.09375173464606629,24,1.5,3,0.625,1.4728303949038188,20.750726640224457,2.989395350217819,12.411148995161057,0.000391163955714629
1064,0.1581770614720881,0.66015625,0.7019538781007493,0.6164787949417931,28.640625,1.0220795703670058,0.04736975777450425,0.04717607839332126,512,1072,25,27,35,1393,1196,0.045756079585720075,0.06231876519340659,0.08987488922593179,0.0907521840095871,26,2.230769230769231,9,0.75,0.5617840112083488,25.769859820604324,3.217550665140152,12.41749393939972,0.00039109776644389156
1072,0.1624078656486745,0.6640625,0.7746262494341958,0.5635363337050363,29.513671875,0.9580432389681401,0.03225475722865667,0.031845264678137114,512,1120,30,23,46,1729,939,0.0455684758905682,0.06092346343539158,0.08865617346156085,0.08886937249182242,30,2.2666666666666666,5,0.725,0.7656515464186668,25.20022740960121,3.3872443437576294,12.796080499887466,0.0003910315883731113
1080,0.15759151519887382,0.646484375,0.7423063998017125,0.5389445805168136,27.783203125,1.1192230749520113,0.03895142586043221,0.037253892554587165,512,1078,27,8,36,1588,1023,0.04372677286226642,0.05916734569248205,0.08574365767660697,0.086574486976331,25,1.8,4,0.75,1.0241382021049503,22.100097328424454,3.0915624499320984,12.162301808595657,0.0003909654215003931
1088,0.12888564744207542,0.638671875,0.7232677246832067,0.5601220741845743,26.921875,1.110375657453754,0.059812444196722936,0.06008761228501472,512,972,27,17,39,1540,996,0.043003000501864855,0.05799644952276988,0.08434813190238499,0.0842271485740986,27,2.259259259259259,6,0.7291666666666666,0.6030938067124225,21.95641028881073,3.1730683743953705,12.055059015750885,0.00039089926582384216
1096,0.08111736794126045,0.619140625,0.7111033915054313,0.5361006458475869,28.130859375,0.9037853072532793,0.045357110948316404,0.045557034124340486,512,1091,32,25,54,1684,1149,0.04292684108410462,0.057380616750461015,0.08465784836653423,0.08354452689449648,33,3.606060606060606,10,0.7625,0.27403179107350295,25.012200117111206,3.0158703923225403,12.589742124080658,0.0003908331213415638
1104,0.1336938146059765,0.619140625,0.7154942219802901,0.49744473916887716,28.646484375,1.0104449873989307,0.039409783058545145,0.03968599655790249,512,1141,41,31,53,1748,1134,0.043276402451575775,0.05666545757173633,0.08533186627241018,0.08296658632084755,29,2.1724137931034484,11,0.7727272727272727,0.4392809631006623,26.086061358451843,3.0487989485263824,12.726604223251343,0.00039076698805166394
1112,0.12944554329988023,0.6484375,0.756255182036432,0.5128288633461047,28.94140625,1.0460391693056865,0.03524450702980175,0.03279638507936707,512,1080,28,13,32,1501,1148,0.042124808061997164,0.05495957189872696,0.08287843874978851,0.08048837866577002,27,2.2222222222222223,5,0.775,0.7719483723936719,23.864565283060074,3.2137939631938934,12.595541030168533,0.0003907008659522488
1120,0.18293812399497256,0.638671875,0.7119953252765753,0.5714712899127874,29.498046875,1.1165793078295707,0.03760360661362938,0.03767061677760987,512,1155,26,22,45,1622,1176,0.04203321262815515,0.053902907138764826,0.08184049874567112,0.07887433559473192,26,1.6923076923076923,3,0.8333333333333334,1.4076726871232192,22.07140338420868,3.337244898080826,12.890291929244995,0.0003906347550414246
1128,0.0830856978045631,0.580078125,0.6725339461205777,0.5063043476926636,28.5,1.0470531270523884,0.036412001223652624,0.03617996402996364,512,1195,24,22,48,1897,1132,0.04172035389858133,0.05293338951157254,0.08232961456475996,0.07762645810029345,35,2.2857142857142856,9,0.8055555555555556,0.7375262431903846,28.404662251472473,3.138720691204071,12.903437435626984,0.00039056865531729836
1136,0.1598954460441746,0.638671875,0.755709333818417,0.517570097526994,28.36328125,1.0620804381533993,0.03192360825050855,0.03084853318532417,512,1096,25,22,49,1762,878,0.04163526966981251,0.05242860926965845,0.08193318520615966,0.07638117701464428,28,2.25,6,0.7083333333333334,0.49349766589390737,21.49577859044075,3.0947435200214386,12.521062284708023,0.00039050256677797696
1144,0.13685229113616515,0.638671875,0.7076263704406494,0.5619425624431186,29.248046875,1.0292990041306251,0.03434109848967637,0.03343029269435668,512,1143,26,15,38,1432,1220,0.04082352229598887,0.05119333651059951,0.0801393912760594,0.07466567603165036,34,2.2941176470588234,8,0.71875,0.5544514782377519,27.65599650144577,3.336503803730011,12.579902172088623,0.00039043648942156786
1152,0.169180999029777,0.65625,0.7775253116277457,0.5382653800059922,27.22265625,0.9869123276287726,0.030314645711769117,0.029771722422431954,512,1030,17,14,42,1635,884,0.03993595929072322,0.05055276261612827,0.07799145220344883,0.0741377931915895,32,1.75,9,0.7361111111111112,0.5899976098703014,26.494612604379654,2.9989313781261444,12.168190985918045,0.0003903704232461789
1160,0.14836903346440522,0.65625,0.7385623348235792,0.5691278476160111,29.583984375,1.0149222287180117,0.0386040382545616,0.04068676304124383,512,1211,21,17,34,1617,1074,0.03944096240539229,0.04917626837493925,0.07769019770736862,0.07238465082884268,18,2.611111111111111,4,0.84375,0.9955238902475685,22.962774842977524,3.384510725736618,12.774198085069656,0.000390304368249918
1168,0.10830844970041653,0.6328125,0.7351354265147368,0.5193542988801609,27.345703125,0.9189801432967535,0.03850263908316265,0.037665759759850426,512,1106,24,25,37,1738,1081,0.03950963273629081,0.04816225331890615,0.07695972832927966,0.0708617830484081,35,2.657142857142857,16,0.7734375,0.4127030399067735,32.032947063446045,3.1371643245220184,12.24265307188034,0.00039023832443089355
1176,0.1462138693605084,0.646484375,0.7072232828029199,0.5796609851772758,26.517578125,1.118525533880263,0.03156285859563468,0.029926221129858044,512,961,27,19,39,1423,1041,0.039252539435591136,0.04764644443977449,0.0766681865168749,0.06951081316059476,22,1.1363636363636365,4,0.8125,0.6784554990008473,17.61172753572464,2.9668481945991516,11.560634106397629,0.0003901722917872142
1184,0.1527023837552406,0.640625,0.735837310131665,0.5349862317760677,30.427734375,1.068989398723403,0.02993207125837216,0.02819051776566563,512,1284,18,20,33,1717,1073,0.03896664799236459,0.04626387292410592,0.07677176137504438,0.06794831063948054,26,1.3461538461538463,4,0.78125,1.125173777807504,22.835807591676712,3.6942683458328247,13.156550228595734,0.00039010627031698915
1192,0.11959554751047108,0.619140625,0.7236563072569583,0.5245886977504625,28.58203125,0.9781707527699703,0.02930711292901833,0.02817276018642557,512,1165,16,15,30,1818,1019,0.038318119392911416,0.04499682814090194,0.0755152465688892,0.06621352089221988,26,1.9230769230769231,6,0.7708333333333334,0.5844691291761895,23.574855268001556,3.1459202468395233,12.724622339010239,0.0003900402600183275
1200,0.16909962180318416,0.67578125,0.768398515063212,0.5794423089681711,26.794921875,0.9450041380988813,0.029716852743149502,0.029566026040854752,512,1043,19,17,35,1569,844,0.03780298628203348,0.044254371741163805,0.0740712419213515,0.06506811334289817,25,2.44,7,0.7857142857142857,0.711559574651931,24.70264407992363,2.8543611466884613,11.614045143127441,0.000389974260889339
1208,0.10427292423992185,0.630859375,0.7603704066527343,0.5125883401529749,27.515625,1.080137980949858,0.0300809875284358,0.02880992791128485,512,1107,17,11,21,1790,834,0.036779396275475856,0.04270349475985972,0.07230430484419714,0.06293315990244372,25,1.64,5,0.775,0.9600641867145896,21.211937487125397,3.0090995728969574,12.062948137521744,0.0003899082729281336
1216,0.1281756927492097,0.65625,0.7708372041057051,0.5395056332556333,27.689453125,0.9629609164296121,0.027147341355885146,0.026954597970571734,512,1114,14,7,37,1623,960,0.03535752458476584,0.04207043198786052,0.06932180917796515,0.06201173190113149,18,2.0,2,0.875,1.397824780724477,18.968082010746002,2.9854827225208282,12.359020113945007,0.00038984229613282166
1224,0.16194221417390509,0.669921875,0.8082324880247735,0.5381060811051823,27.802734375,0.9011675131790425,0.028888940107208327,0.02841713611512723,512,1138,30,14,33,1772,736,0.03481764864663569,0.041238068365984155,0.06849164831638643,0.06066800705815656,28,2.1785714285714284,7,0.7857142857142857,0.817548878623971,25.90834939479828,3.0278190970420837,12.02841541171074,0.0003897763305015137
1232,0.0986995958191983,0.642578125,0.7333741523257653,0.5571024380158712,29.537109375,0.9367820614038612,0.055374155309571904,0.0560527265067991,512,1295,20,15,40,1726,1089,0.03439590660978129,0.040745437885990415,0.06767097155504931,0.05973128232500896,28,2.7857142857142856,10,0.8375,0.4685469618067145,29.197955310344696,3.426120847463608,12.93657124042511,0.00038971037603232066
1240,0.07373499591449217,0.6015625,0.6763822115384616,0.5340552438080495,31.068359375,0.9202633994292273,0.028260164475796046,0.02832449400043283,512,1377,22,24,50,2051,1380,0.03487336400442402,0.04046081534788669,0.06882675940643046,0.059372474353239724,24,2.6666666666666665,7,0.75,0.47465973949458984,26.83476158976555,3.641719937324524,14.127977401018143,0.00038964443272335376
1248,0.0518753574724542,0.5625,0.6555753614577144,0.4727884000905904,27.6171875,1.0153953933859858,0.035004370929527795,0.03232681951475838,512,1160,23,22,51,1851,1294,0.035084043280746144,0.04058471449578717,0.06857642752801751,0.05955770228154325,35,2.2857142857142856,8,0.8125,0.5030984925833764,24.605229377746582,3.1620698869228363,12.708395808935165,0.00038957850057272467
1256,0.06338071471509465,0.59765625,0.7280066352054018,0.4687177070241586,26.8984375,1.0082136166473892,0.02937666376692505,0.027149912327071903,512,1103,18,12,31,1945,852,0.03430977584784162,0.039732504559464414,0.06796409145944382,0.058629085816853055,30,2.033333333333333,10,0.7875,0.5726944526657463,26.299152195453644,2.900934785604477,11.982820361852646,0.0003895125795785451
1264,0.11536347244145873,0.642578125,0.7395825273514536,0.543541889090865,27.056640625,0.9548952581486765,0.03113034568832518,0.030686182390575332,512,1053,20,18,32,1596,992,0.03424265159549317,0.0390010029341316,0.0669388614483899,0.05717713187996118,15,2.3333333333333335,3,0.75,0.606451440602541,18.427176415920258,3.108414113521576,11.953106373548508,0.0003894466697389275
1272,0.08530381729337932,0.619140625,0.7720849458204335,0.45844245119220783,28.791015625,0.9935465801051002,0.03353074703954917,0.031150803723574323,512,1164,19,10,36,1951,873,0.03331033332798059,0.03847463805212624,0.06555686934407501,0.056595057619918065,33,2.303030303030303,6,0.7708333333333334,1.0688572325743735,25.801192492246628,3.3155523240566254,12.699816942214966,0.0003893807710519842
1280,0.13607386606599903,0.63671875,0.7387899477973008,0.5413917549546701,28.0625,1.0353340174542607,0.026080862999151577,0.025641559712448456,512,1159,23,10,47,1772,967,0.03244018124725459,0.03845573633603091,0.06364002300599336,0.05656459008291351,36,2.1944444444444446,12,0.7604166666666666,0.518391021056838,26.545127779245377,3.134449928998947,12.708333224058151,0.0003893148835158281
1288,0.08782925522336882,0.623046875,0.720793311294956,0.5142719806942686,27.587890625,0.9768491093464909,0.042770906882651616,0.043335435781366755,512,1159,20,9,23,1731,1039,0.03150269558757643,0.037311548068024905,0.06203126846284812,0.05506318777818317,24,2.1666666666666665,3,0.7916666666666666,1.2405554925402005,20.0480295419693,3.0549116134643555,12.286046534776688,0.00038924900712857235
1296,0.10673299099835276,0.65625,0.7641345985007038,0.5515491532732912,26.7265625,0.9805982099102678,0.02932636368495878,0.02975476965358669,512,1017,20,9,28,1524,865,0.030594069046217774,0.0367405526825701,0.06048431778514274,0.05444743230641824,23,2.1739130434782608,4,0.6875,0.8251463264459744,21.979986310005188,2.9168700873851776,11.546807408332825,0.0003891831418883304
1304,0.12647312373519526,0.638671875,0.7245855437665782,0.5315250965250965,28.2890625,1.0893249067898592,0.0327198859758937,0.0323910114495721,512,1165,24,19,24,1687,1119,0.030875609861744466,0.03573326850587396,0.06037133241345194,0.05256457879046389,24,1.625,6,0.7916666666666666,0.38370435694620636,21.092941015958786,3.1849223971366882,12.57241427898407,0.0003891172877932162
1312,0.140896779117611,0.654296875,0.7823933552074012,0.5098274052259384,27.927734375,0.970871750604358,0.025830444330040336,0.025308749227483524,512,1121,13,7,24,1723,862,0.029801350583629326,0.034854452166158345,0.05893483702879965,0.05160383296088092,25,2.64,6,0.75,0.7342922761672526,23.249060094356537,3.226861596107483,12.246747314929962,0.00038905144484134373
1320,0.09166772711250815,0.640625,0.7482816988498138,0.531325736425357,29.341796875,0.8921968633693121,0.022839688175736228,0.021783301214945466,512,1320,10,12,25,1750,1136,0.02935175105547293,0.03385381367248266,0.05805546355709246,0.050098719516467605,28,2.7857142857142856,4,0.8125,0.9691243411507457,24.170213043689728,3.1705124974250793,12.965804815292358,0.00038898561303082744
1328,0.10722437000731588,0.638671875,0.7564283806471307,0.5155628016619396,29.203125,0.9408177310616366,0.030744738687644713,0.029878560688066068,512,1319,18,13,27,1821,1144,0.029037029798946578,0.03302117150332085,0.05743965467216694,0.049025421474796244,27,2.814814814814815,7,0.8214285714285714,0.7411157936523003,28.33662110567093,3.292831212282181,13.094610124826431,0.00038891979235978216
1336,0.11343775718887628,0.65234375,0.7681588949971303,0.5389267208384856,28.119140625,0.9689031764284967,0.02420142123628466,0.0232977210870633,512,1183,12,10,27,1774,877,0.02830921102171287,0.03234542404614589,0.055786500512684856,0.0480253632122479,27,1.8888888888888888,5,0.775,0.9966699466109276,23.083654522895813,3.207209140062332,12.323126822710037,0.0003888539828263229
1344,0.11676522394373023,0.66015625,0.7346568766990969,0.5781891622321047,27.888671875,0.9046111643793695,0.025329061907541472,0.024870552108300015,512,1106,19,10,24,1466,1025,0.027743603490236392,0.03168694145669415,0.05424157094538551,0.04688560712729184,25,2.6,4,0.84375,1.4400393910473213,23.152069181203842,3.039063274860382,12.335079491138458,0.00038878818442856513
1352,0.10220035769089009,0.638671875,0.7586028353479993,0.5007615165631469,28.38671875,0.9253542171035659,0.040116474501701305,0.03975955638381458,512,1197,13,10,20,1762,999,0.027207285681821385,0.030761668734597424,0.05362690889791544,0.04551107264240403,29,2.8620689655172415,5,0.9,1.003139561361968,25.99124985933304,3.371952325105667,12.47618043422699,0.00038872239716462447
1360,0.07892405817256076,0.626953125,0.7372186880251397,0.4897347504244056,28.482421875,0.962941328646319,0.028613532499093708,0.028123825664427043,512,1268,17,7,34,1697,1136,0.026366548226890447,0.030473470879118933,0.05197754329485105,0.04528313950692239,30,2.2,6,0.9166666666666666,0.9603434496093541,23.698778301477432,3.2174680531024933,12.726932138204575,0.00038865662103261707
1368,0.1043868299566384,0.63671875,0.7608713353376542,0.5162484129391804,28.134765625,0.8897676501512055,0.025164418161693902,0.02434809074810012,512,1216,14,15,35,1746,1033,0.02648388679465723,0.030292792344889036,0.052207825279661724,0.044633573817424776,23,2.869565217391304,7,0.7678571428571429,0.4334939585200378,22.639248698949814,3.268146127462387,12.505170494318008,0.0003885908560306592
1376,0.005406218391726725,0.55859375,0.6804280278544985,0.44971171298633095,26.462890625,1.030227008792557,0.04555930259539309,0.043951324692346055,512,1054,16,14,39,1978,967,0.026476692865341097,0.030557752548185574,0.05197179981010791,0.04482977734718949,35,2.057142857142857,8,0.78125,0.7562129923608154,23.60668256878853,3.0410961508750916,12.300410330295563,0.00038852510215686746
1384,0.05919027200548044,0.595703125,0.7234871390009554,0.4673342057770937,28.736328125,0.8912092512113662,0.027376562436984386,0.0271260572047538,512,1237,21,9,39,2078,1007,0.02588848197328441,0.030557083857116443,0.05150384698057875,0.04532392450662465,28,2.3214285714285716,8,0.828125,0.5458065161947161,24.038116306066513,3.1631303131580353,12.951270043849945,0.000388459359409359
1392,0.10643832640380424,0.619140625,0.7494109554783588,0.501758330714984,28.23828125,0.9026104475292659,0.030262132854659285,0.03042549747451406,512,1251,15,17,40,1951,915,0.026237380778796567,0.030566355996908344,0.05218866487819929,0.04498705100761019,28,2.142857142857143,10,0.7625,0.559009958198294,25.915265381336212,3.323391854763031,12.49379688501358,0.0003883936277862511
1400,0.0468909361607075,0.595703125,0.7708595584245306,0.41121205090459123,28.380859375,0.9740848976635211,0.03158474701194791,0.03172595856890937,512,1286,20,10,36,2144,921,0.02580354953257625,0.030339535760554898,0.05087224506357746,0.044719033188822255,33,2.0606060606060606,6,0.7708333333333334,0.9099085115012713,25.59660294651985,3.1626392602920532,12.891161799430847,0.0003883279072856613
1408,0.12886974164939602,0.650390625,0.7875160462758304,0.5174146798871064,27.26171875,0.8560826998079967,0.02813797337876167,0.028068002020536727,512,1099,12,7,25,1771,796,0.02504264522312196,0.02982452788305707,0.04960643668126474,0.04421270308450426,15,2.6666666666666665,4,0.6875,0.52185502438806,20.53147378563881,2.967328429222107,12.276999741792679,0.00038826219790570767
1416,0.10559364194705267,0.646484375,0.7758933584379255,0.5102258739408677,26.62890625,0.9141105436183286,0.031021422204503324,0.03148194565686713,512,1121,13,11,22,1580,1000,0.024782890932953848,0.0291878807842307,0.049095921070536286,0.04313008520795655,30,2.2666666666666666,6,0.7291666666666666,0.5024479741890294,21.80574831366539,2.9036146104335785,11.717223137617111,0.0003881964996445083
1424,0.11564913288020762,0.673828125,0.7628818426197459,0.5855612381570043,27.671875,0.8814800300175758,0.037217238403172814,0.040709612816534305,512,1164,19,13,32,1559,905,0.024760673554191648,0.02905876104266713,0.04905224913856254,0.04253354930322667,24,1.9583333333333333,3,0.8333333333333334,1.2316510314121842,20.870371222496033,3.291925549507141,11.8770190179348,0.000388130812500182
1432,0.12974850483442424,0.640625,0.7251165095834213,0.546079405222285,26.546875,0.9595914542675843,0.025032643362010276,0.02391176909993526,512,1035,25,17,26,1545,977,0.025057588829956783,0.028778677007227582,0.049406757710086846,0.042709508996083584,25,1.76,3,0.7916666666666666,1.2506097123453703,19.203489810228348,2.8800548315048218,11.552600115537643,0.0003880651364708475
1440,0.07720561115274904,0.626953125,0.7069166898753592,0.548706754956755,28.677734375,0.9750715458327411,0.02859006384642271,0.028737848951268616,512,1274,14,8,33,1837,1130,0.024446987836467496,0.028552591125197844,0.04867186344525554,0.042386785950059236,26,2.6538461538461537,4,0.78125,0.9842780422186479,26.141377836465836,3.3024579882621765,12.935367435216904,0.00038799947155462405
1448,0.042626916936569614,0.572265625,0.6840553579212854,0.45466670700411826,26.66015625,0.9254803332405017,0.03636001160884916,0.035137702806554955,512,1161,13,8,29,1763,1211,0.023892545936287042,0.028284758266270568,0.0468931935740039,0.04199451113128716,31,2.4838709677419355,5,0.825,0.8904260437819176,22.417756497859955,3.1753089427948,12.126755893230438,0.0003879338177496312
1456,0.037172506061324384,0.576171875,0.6907805266628797,0.4615520629673782,25.55078125,0.8765038274700115,0.039489432208938524,0.0390252295144412,512,1060,26,11,43,1754,1062,0.02371327433049881,0.028910259110610827,0.04654036908188908,0.042600053546764244,40,2.8,12,0.7395833333333334,0.458075511851348,28.41342529654503,2.9125335812568665,11.754224628210068,0.00038786817505398886
1464,-0.17364657831353725,0.45703125,0.5736905814492022,0.33387224796906056,26.90625,0.9148590025228275,0.043084281800474855,0.0415580931970025,512,1234,25,13,41,2111,1578,0.023641478716712353,0.029152283483130745,0.04662160898261447,0.043210308388111934,47,2.425531914893617,12,0.7395833333333334,0.5431095022552958,29.77101507782936,3.1378398537635803,13.001329571008682,0.0003878025434658171
1472,-0.03306634167711309,0.529296875,0.6460988499650739,0.39697826737593145,27.48046875,0.7536495008413407,0.04176765400416116,0.04118403874528377,512,1253,31,18,45,2040,1435,0.024242140482206624,0.02952774036828253,0.047365138641217164,0.04333035476156455,45,3.3555555555555556,18,0.8541666666666666,0.4266197195564827,36.85575780272484,3.3138889372348785,13.276364266872406,0.0003877369229832365
1480,0.1264686244467157,0.62890625,0.6984206036625391,0.5479733669462022,28.525390625,0.9540818788560925,0.04048880400659982,0.0401222425675063,512,1230,20,13,27,1646,1166,0.02421672110093046,0.029019517794277354,0.04821908652119222,0.042850316593478294,22,3.5,9,0.7361111111111112,0.3855930458004069,26.25811955332756,3.36978617310524,12.268843561410904,0.00038767131360436787
1488,0.042331719254434574,0.619140625,0.7537301126534046,0.478951443682681,26.7265625,0.9709702820996235,0.027886617607691733,0.02659177631281908,512,1124,14,6,29,1656,955,0.023430958434388513,0.02881944919053191,0.04643664807332393,0.04247179853129343,39,2.5641025641025643,8,0.828125,0.5906372676472529,18.0691958963871,1.5128646194934845,10.839291989803314,0.0003876057153273323
1496,0.06185722075315425,0.615234375,0.7322444208621866,0.5049681695579098,27.35546875,0.911365771815871,0.032883052872421104,0.03312003027915593,512,1251,18,13,18,1835,1036,0.02349666279784958,0.02792320398972947,0.04611396876178675,0.041539745547012924,31,2.806451612903226,9,0.7916666666666666,0.5795712398103205,17.86383843421936,1.612809658050537,11.3353833258152,0.0003875401281502513
1504,-0.035813774691632716,0.548828125,0.6964450709551475,0.41669564904859024,28.365234375,0.8976517585799115,0.03799706524296198,0.03617807113202265,512,1320,16,19,40,2161,1183,0.024131477266398103,0.028028948445349956,0.04781504343966081,0.04163510766442011,45,2.8444444444444446,14,0.8214285714285714,0.47870068912327823,19.53599527478218,1.6635502874851227,12.120434880256653,0.0003874745520712465
1512,0.15314485082853935,0.662109375,0.7628024387488588,0.5382825101597016,27.19140625,0.9568643203911366,0.025554601063959126,0.026334892962915864,512,1230,16,18,39,1533,999,0.024690246009810603,0.02818932517840564,0.04846235563626822,0.04166549561620966,32,2.28125,4,0.78125,0.8865460549131967,16.314656972885132,1.556674301624298,10.904303669929504,0.00038740898708844007
1520,0.07546278447080113,0.634765625,0.7424761328265679,0.5265331205796101,29.240234375,0.9539381453193835,0.028023852805745264,0.02825706374232171,512,1369,24,14,25,1732,1098,0.024680503593166092,0.027521481987529836,0.048894653484553685,0.04094640164117899,29,2.5517241379310347,2,0.8125,1.6897200036328286,16.274919509887695,1.7322030663490295,11.80525204539299,0.00038734343319995443
1528,0.034106388833606616,0.634765625,0.7437700534759357,0.5304822187353022,29.884765625,0.7272332002314702,0.030778710060076264,0.03099731530137632,512,1383,6,9,26,1888,971,0.024197516174599937,0.026996298434315533,0.04794493531142585,0.04008656190123333,26,2.576923076923077,11,0.8181818181818182,0.37744774475074583,21.208854109048843,1.7464953064918518,12.01168030500412,0.00038727789040391233
1536,0.1455171446868917,0.6328125,0.7222466844749453,0.5532079644350392,26.859375,0.9237978915796321,0.03172595087380614,0.030779156048146135,512,1144,16,5,29,1597,1013,0.023309456271399097,0.026889502624919612,0.04596801092210767,0.03993682330953777,29,2.5517241379310347,10,0.8,0.5218823364208219,18.47872769832611,1.4832767844200134,11.158814400434494,0.0003872123586984367
1544,-0.014021545335708652,0.591796875,0.6851516642549991,0.48238485353248284,28.333984375,0.9238692747591641,0.0344300040815142,0.03420470971112716,512,1252,24,4,29,1779,1337,0.022361585318085294,0.026677865345012784,0.044330543715853654,0.03934754589640091,31,2.3225806451612905,9,0.8055555555555556,0.4867828018549416,17.033766895532608,1.6636692881584167,11.844227194786072,0.00038714683808165095
1552,0.11083419395436067,0.65234375,0.7577353786342123,0.5391544117647058,26.947265625,0.8972522030167707,0.02231226267576858,0.021797109990014912,512,1178,15,11,20,1638,937,0.022269062403901568,0.026072782699807208,0.04438506719276902,0.038552769792188024,21,2.4761904761904763,8,0.8125,0.402222462114878,15.74219822883606,1.5854980051517487,10.855083107948303,0.00038708132855167876
1560,0.03430782552823075,0.59765625,0.683027418372246,0.5096346848321265,28.90625,0.8991870366005317,0.031257673656000406,0.031117596628476834,512,1313,14,12,25,1779,1280,0.022174770106515182,0.025643937000215156,0.04419925464627383,0.03803294962706269,29,2.2758620689655173,7,0.75,0.5311788540067417,17.9931757748127,1.6838776767253876,11.92786556482315,0.00038701583010664406
1568,0.07387728283447359,0.609375,0.7340573134413744,0.5008087290695986,27.20703125,0.902218495189433,0.03998148913433397,0.040123043293347774,512,1210,21,15,33,1815,1009,0.022509254740709,0.025742510779052083,0.044621513313372274,0.03794007655636292,25,3.28,10,0.8125,0.34518003949197007,18.436133295297623,1.58921679854393,11.22191521525383,0.0003869503427446713
1576,0.0006158627475087997,0.576171875,0.6846187625978959,0.47450603738609143,29.4765625,0.795460494674193,0.03785582169894042,0.039443532466943605,512,1465,17,16,35,2039,1356,0.022966552207892465,0.025608501583681154,0.04552229669158481,0.038081793297649796,35,3.6285714285714286,10,0.8125,0.5327619320465601,19.73962414264679,1.7842603623867035,12.493249595165253,0.0003868848664638849
1584,0.04794422644044971,0.6015625,0.7156512447104268,0.4619319378611104,27.40234375,0.9474108584875012,0.025483018625891418,0.025843026441186103,512,1258,14,17,23,1800,1219,0.023480411218381052,0.025161120881228828,0.04525406423729128,0.03737666300824033,30,2.566666666666667,5,0.775,0.6124920662201475,16.70630595088005,1.5583415031433105,11.45700404047966,0.00038681940126240996
1592,0.091467239013582,0.662109375,0.777081933870727,0.5337985780822593,27.048828125,0.8679643702063058,0.025399329915671842,0.024845886492484374,512,1117,16,19,25,1511,918,0.024169596022307494,0.02502616129257088,0.04789002026899414,0.036845882787403916,29,2.3448275862068964,4,0.78125,0.6751268414773222,16.38227081298828,1.4984421133995056,10.737398445606232,0.0003867539471383716
1600,0.05803764863230754,0.59765625,0.715840171137724,0.4952866801657124,28.59765625,0.9649879764597712,0.028548583105930447,0.028432059776192814,512,1261,12,18,18,1892,1065,0.024524581289463877,0.02434553802965473,0.04858810880133779,0.03607664922831311,27,2.185185185185185,7,0.7321428571428571,0.3873710954960968,16.582064390182495,1.6669777035713196,11.9972525537014,0.00038668850408989563
1608,-0.0005178413666726556,0.56640625,0.6585054027241528,0.47992903852278856,27.978515625,0.9263973448694904,0.029599532434076536,0.029481642692471353,512,1318,20,18,40,1900,1321,0.024996212252024117,0.02466370155564629,0.04951518835962354,0.036401987858407286,38,2.5789473684210527,4,0.71875,1.3326592689190915,18.096332132816315,1.5969098806381226,11.873763889074326,0.0003866230721151077
1616,0.07797074990230612,0.642578125,0.7470415266869661,0.5495187572334157,28.0546875,0.8485342121114519,0.02797446933163883,0.028427308992765247,512,1236,19,15,24,1738,973,0.025062655780534647,0.024237692166020893,0.049881931477580355,0.03619524502387217,25,2.4,10,0.7625,0.2824892113916576,18.065450936555862,1.572715401649475,11.347484588623047,0.0003865576512121341
1624,0.05581482879097166,0.62109375,0.7147333477925584,0.5377581091420234,27.626953125,0.8281515185900156,0.025976629491196945,0.025990475005490447,512,1215,10,8,22,1989,929,0.024459515723018906,0.023841485140730236,0.0486964941260527,0.03541200884179774,32,3.5,7,0.75,0.38975887980216484,18.390130907297134,1.545663744211197,11.407142221927643,0.0003864922413791014
1632,-0.007469248071174661,0.603515625,0.6938353313353314,0.5237534117524614,29.1875,0.8954320424351385,0.061752546060233726,0.0643313553626973,512,1389,19,11,26,1939,1265,0.02423987168986359,0.023545457324452845,0.04802823967429526,0.03497278517500832,28,3.5,5,0.775,0.6638334484596271,17.407336115837097,1.6500207483768463,12.188294678926468,0.00038642684261413644
1640,0.0374602918036544,0.603515625,0.7017677408838954,0.513718752511856,27.67578125,0.9460589804310684,0.025385887023730902,0.025171202033449663,512,1235,14,10,19,1760,1103,0.023797589930816865,0.023043006115031066,0.047158185084941295,0.03429798527044828,26,2.8846153846153846,3,0.7916666666666666,1.3024356946504365,16.22600707411766,1.5295485854148865,11.364814668893814,0.0003863614549153663
1648,0.008628679272078443,0.578125,0.7102295086670086,0.4481855868660652,28.201171875,0.9176804909139409,0.02818106747508864,0.02777410187427436,512,1283,20,13,30,1968,1133,0.0238413627852554,0.02304115504122406,0.04701497992111947,0.0339362979220654,39,2.41025641025641,11,0.8295454545454546,0.6178810378769413,20.071977108716965,1.6348364651203156,11.81903851032257,0.0003862960782809185
1656,0.05678062591050548,0.603515625,0.7124436736305315,0.5004558303560118,27.1328125,0.9446942574776535,0.025000024783366825,0.024943114144105168,512,1169,21,16,31,1823,1074,0.024182207984596592,0.023082165055756432,0.048151213581794416,0.03436852490164896,34,1.7647058823529411,7,0.6785714285714286,0.7850066103461099,17.290817588567734,1.5162708461284637,11.270275920629501,0.0003862307127089208
1664,0.06552670141172712,0.630859375,0.7234280931873845,0.5499915970310707,27.1328125,0.8855590657166695,0.029827833335730247,0.02960684259438489,512,1158,26,7,28,1640,1066,0.023525608077885604,0.023168361628720813,0.04662294632918107,0.034548576263415814,26,3.1538461538461537,8,0.75,0.4325512036884902,17.884861290454865,1.5643150508403778,11.322831690311432,0.00038616535819750145
1672,0.15781777407755726,0.658203125,0.7637440504694325,0.5386983579301023,27.439453125,0.9266466274773042,0.0322342997060332,0.03323318897728672,512,1150,26,12,25,1625,967,0.02334945597562827,0.02303467187948705,0.04627621274883065,0.034238138524915585,17,2.5294117647058822,5,0.725,0.533507710043341,15.649153023958206,1.577947050333023,11.02066421508789,0.00038610001474478873
1680,-0.02430779212500056,0.603515625,0.6739474598584319,0.52185058773108,27.90625,0.9121195069939202,0.04460356667459564,0.04587199327779279,512,1244,15,21,26,1575,1399,0.02425860356673272,0.022850077929057574,0.04640643799435373,0.033631410953278706,38,2.6052631578947367,6,0.9583333333333334,0.8391496399708558,17.655873268842697,1.6560823023319244,11.573954164981842,0.0003860346823489115
1688,0.06752415133450995,0.59765625,0.7060121642382672,0.48880438441747426,28.205078125,0.8863832710008053,0.03256612152836169,0.034250423409047034,512,1274,14,12,24,1855,1134,0.02415322254660275,0.022580768155070253,0.04762855639871366,0.03362659500085835,23,3.3043478260869565,5,0.7,0.6951411261310568,17.525343745946884,1.657315969467163,11.69214442372322,0.0003859693610079986
1696,0.01371461497456039,0.568359375,0.6896608301850238,0.4456135597743103,26.3125,0.9195914764885422,0.03774382079063798,0.036883708037348875,512,1106,39,18,35,1798,1099,0.024726350424724295,0.023093338444962086,0.04810798533440741,0.03381551091872337,32,2.6875,9,0.7638888888888888,0.5045350639654013,17.900207698345184,1.469171017408371,11.04303839802742,0.0003859040507201797
1704,0.030307393119073822,0.560546875,0.6307635045483342,0.46592910202824,27.384765625,1.0351968759525603,0.02594691025933571,0.024973617239605783,512,1219,18,21,55,1743,1515,0.025394111676085934,0.02430803295425687,0.05053307444350075,0.03591993315714251,27,2.185185185185185,6,0.8125,0.5946137889598807,16.110675275325775,1.5765789151191711,11.770051717758179,0.00038583875148358435
1712,0.03312509020179277,0.57421875,0.7513719568961506,0.4149972105137933,27.560546875,0.8741267865316673,0.03629816899774596,0.03635772714421118,512,1302,16,5,27,2254,928,0.024430497706098727,0.024079326584354365,0.04840311571775813,0.03581848852740635,25,2.68,3,0.8333333333333334,1.116797961643897,16.385558903217316,1.5710652470588684,11.665948688983917,0.00038577346329634254
1720,0.02309651615723851,0.6015625,0.7279740021383696,0.4710665306509647,28.740234375,0.9405219806494998,0.03664820652556955,0.039717937762806674,512,1397,14,20,33,1959,1216,0.025122288961246485,0.024049668828738005,0.04976293934836251,0.03565595645709571,34,2.1470588235294117,4,0.6875,0.9780743451883609,16.980248630046844,1.6660236716270447,12.032244712114334,0.0003857081861565846
1728,0.0514979919180405,0.609375,0.7031629416157547,0.5220770253798438,28.212890625,0.8975219981100933,0.03250271289584816,0.03321009765621816,512,1380,16,13,30,1915,1149,0.025080413648795808,0.023873749486977364,0.049451615288120476,0.035353397312958806,30,2.3,2,0.8125,1.3589831647113897,15.794694393873215,1.656450092792511,12.000739842653275,0.0003856429200624412
1736,-0.004045473697260604,0.57421875,0.6667381122007867,0.46427466527138583,26.595703125,0.8799255908532443,0.03363999739212886,0.034545164338969196,512,1199,15,4,22,1742,1303,0.024017688657950575,0.02364768287107333,0.04736192105294468,0.03516791424903615,34,3.2941176470588234,10,0.825,0.35955011995681624,16.656035512685776,1.5536771714687347,11.251691341400146,0.0003855776650120434
1744,-0.02776752454246889,0.505859375,0.6277213531139677,0.3776618804271568,27.720703125,0.9150259806843873,0.04633116832701489,0.04632405760586,512,1325,27,23,49,2177,1397,0.024695851532444163,0.02427457367484157,0.04892482500413675,0.035965116154287324,41,2.975609756097561,14,0.7857142857142857,0.43075220607819836,20.256934255361557,1.6189734041690826,12.199833869934082,0.00038551242100352226
1752,-0.06232625769916922,0.49609375,0.6298833929684513,0.33817920585161965,26.169921875,0.955740664400167,0.03553436175934621,0.03528078527098851,512,1202,28,12,49,2102,1331,0.024530725906828612,0.025207654739951613,0.0488364921548371,0.037324134664479314,42,2.7857142857142856,11,0.8295454545454546,0.4158806547083342,18.19496449828148,1.4686663746833801,11.588809877634048,0.0003854471880350095
1760,-0.11656999310616811,0.474609375,0.597502414908806,0.3560912223741171,27.076171875,0.9728624148113907,0.050365448456432205,0.048897977276145914,512,1261,22,25,40,2272,1398,0.025831202080420893,0.0255991635116056,0.05092654852600986,0.03786584954451441,44,1.8409090909090908,13,0.8269230769230769,0.47658795849509683,18.968016535043716,1.557589739561081,12.074275344610214,0.00038538196610463706
1768,-0.03619384903140599,0.5546875,0.6824601319739041,0.42770494060613806,27.18359375,0.8133758915359873,0.03072451942716725,0.03153883284993052,512,1246,12,15,44,2052,1243,0.025930116420705883,0.026107856533558637,0.051349619654077916,0.03870786438589924,35,3.5142857142857142,9,0.7638888888888888,0.5060440341382118,18.91530153155327,1.5512091517448425,11.727743864059448,0.0003853167552105371
1776,0.029435459295200417,0.591796875,0.687951966688694,0.4893030627105915,27.177734375,1.005769935821805,0.02468316962585959,0.02416949719516382,512,1260,19,10,25,1771,1170,0.025508689046831783,0.02570755348216053,0.050293107957235184,0.03821204420392091,35,2.2,4,0.78125,1.2208271490089828,17.3339684009552,1.5973882675170898,11.328058868646622,0.00038525155535084216
1784,0.024618941582048137,0.595703125,0.7080451283487337,0.4752329162952895,27.97265625,0.8569946090155038,0.043610051896394,0.04535599613029401,512,1342,19,22,27,1899,1281,0.026415861547218027,0.025371669983389,0.05163698478202039,0.03760112915559505,35,3.1714285714285713,11,0.7727272727272727,0.40154423028904646,19.3301619887352,1.6237198412418365,11.83959037065506,0.0003851863665236852
1792,0.028286330350965727,0.572265625,0.673477501306165,0.4685801538357278,27.267578125,0.8692656829391887,0.038717005434591556,0.039994566010582176,512,1278,25,10,20,1932,1239,0.025944138346710985,0.0247908239741655,0.05137714887095113,0.03686124964283788,30,2.7,8,0.921875,0.5625198094421648,18.114465177059174,1.550672024488449,11.850048571825027,0.0003851211887271992
1800,0.01673613997263601,0.59375,0.6946052917119803,0.5007724636874912,27.525390625,0.9267693500680478,0.027439356468676124,0.027243588771673596,512,1304,8,12,33,1829,1190,0.025718394644828106,0.024801990263303354,0.05116991023416595,0.03671431108028203,24,2.4583333333333335,11,0.8181818181818182,0.24190520358330111,16.680911511182785,1.5672235488891602,11.492724865674973,0.00038505602195951786
1808,0.07372043139002926,0.595703125,0.703978778737067,0.4853940177469589,29.517578125,0.9153287035251968,0.030285671637102496,0.03026879164383932,512,1390,34,12,24,1819,1299,0.02539683208155192,0.02432125632227444,0.050538417738999586,0.035979578825861,23,2.391304347826087,3,0.75,0.7667021800571092,16.92732533812523,1.694553792476654,12.188072144985199,0.0003849908662187748
1816,-0.02656363334335765,0.5546875,0.6803859095884958,0.45315607809228176,26.85546875,0.77981797078438,0.03726441551134485,0.03692432936884293,512,1267,23,5,20,2026,1155,0.024437484914385046,0.02378902316969559,0.048653179838586524,0.03531853828019321,36,2.9722222222222223,6,0.8125,0.7875946870012361,18.216848611831665,1.5213969945907593,11.484875440597534,0.00038492572150310427
1824,0.05337599550057348,0.583984375,0.6979387270126981,0.47884280885547614,27.63671875,0.9305676343356389,0.029468537309185194,0.028910035132047835,512,1339,18,8,29,2068,1115,0.02388029819175508,0.02364430396242286,0.04732091859545895,0.03518877681204688,35,2.4285714285714284,11,0.7727272727272727,0.4599165477027947,18.199107259511948,1.6047991216182709,11.720021843910217,0.0003848605878106406
1832,-0.010375764206401072,0.564453125,0.6837347786336756,0.46542462550527064,28.052734375,0.9772687458430943,0.025643132208642783,0.02565712144627091,512,1309,25,15,24,2040,1162,0.023926268130634296,0.02328400294035108,0.047182048692534284,0.034385575030082494,39,3.4358974358974357,5,0.95,0.6220366596332354,17.689235508441925,1.59981569647789,11.851924002170563,0.00038479546513951865
1840,0.0501459759007048,0.591796875,0.7352921649429003,0.4578329928857379,27.052734375,0.8909677464734733,0.0305914242471772,0.030275035203256948,512,1245,21,8,37,2038,999,0.02340419401945192,0.02362648039202607,0.04615452840327594,0.03522486532780081,30,3.533333333333333,12,0.8333333333333334,0.3282754490771384,18.95036429166794,1.5238661170005798,11.398100703954697,0.0003847303534878734
1848,0.058908395789330825,0.59375,0.7112632924673365,0.4852790128477479,27.529296875,0.9057389599670563,0.035712713053726475,0.035414294531882995,512,1280,27,18,21,2069,1031,0.023874942508877468,0.023146040036127337,0.04685855115503157,0.03434884397938548,23,2.6956521739130435,6,0.75,0.6523580524954014,15.987952291965485,1.551551342010498,11.610464930534363,0.0003846652528538403
1856,-0.010218495415756479,0.572265625,0.670740819672521,0.4758518799419535,27.19140625,0.8923100313315602,0.030839770204693195,0.030978870114713137,512,1230,20,13,25,1799,1213,0.0238026666880864,0.022882662415231066,0.04693883251370612,0.03406193956128781,45,3.1555555555555554,14,0.8125,0.3947722790738745,20.347399532794952,1.5537890791893005,11.655379980802536,0.00038460016323555503
1864,-0.007984134015714517,0.55859375,0.6466569154543538,0.46339285714285716,27.205078125,0.9519641793351994,0.04578506004054361,0.047243753988764375,512,1198,28,9,31,1748,1400,0.023284740382173617,0.023004119347719402,0.046148812289864116,0.03417578345670658,35,3.5714285714285716,7,0.7678571428571429,0.53872327459405,17.648983657360077,1.56616672873497,11.57478728890419,0.00038453508463115357
1872,0.0015372748521258472,0.572265625,0.6403500412261678,0.4950859036796537,28.19921875,0.8832495336456269,0.03885508404846405,0.04133419571356125,512,1363,29,18,32,1774,1496,0.02378470039680251,0.02295752279581683,0.04736930710743226,0.03430590066566505,20,2.7,8,0.828125,0.3116010866015131,16.69327539205551,1.6175704896450043,11.985677540302277,0.0003844700170387723
1880,-0.011319541088596452,0.58984375,0.7161830467614979,0.4531802059574237,27.4765625,0.8826578754978263,0.029121561481588287,0.029412839766239596,512,1242,18,11,23,1852,1218,0.0234677874846189,0.02267414836300162,0.04650914060800404,0.03373031302629262,33,3.515151515151515,9,0.8194444444444444,0.6809856932838253,17.828583985567093,1.5938577950000763,11.55656549334526,0.0003844049604565478
1888,-0.031787426851224154,0.576171875,0.7227673605593516,0.44302286255411255,28.70703125,0.8425539121341874,0.030997012736861507,0.031705155263524874,512,1347,13,14,25,2293,1095,0.02363697158010618,0.022445505643686074,0.046842119055535925,0.03319154550971515,36,3.3055555555555554,10,0.8375,0.32137274339417876,19.77556073665619,1.6487365365028381,12.240202754735947,0.0003843399148826171
1896,0.026672776672057807,0.56640625,0.7098781739454281,0.43473775114400115,27.36328125,0.9189547283445458,0.035070200930931605,0.03546078998830089,512,1256,24,28,29,2078,1075,0.02498608140843747,0.022476915637270455,0.0494952790262162,0.0334609319106208,30,2.6666666666666665,5,0.725,0.4737890785909258,16.816698104143143,1.590716689825058,11.615053504705429,0.00038427488031511734
1904,-0.05580468645894143,0.580078125,0.7184591386336876,0.4379033556049685,27.92578125,0.7678579288048617,0.04017664695857093,0.041147644642170404,512,1314,21,9,21,1987,1157,0.024482116951867916,0.022075005289722803,0.04850461496550018,0.032851993694151815,27,3.8518518518518516,11,0.8068181818181818,0.3415029448665414,19.417884290218353,1.617716133594513,11.7386574447155,0.0003842098567521863
1912,0.05739232381893089,0.6015625,0.69814534160059,0.5165556948585885,27.673828125,0.9250188044067497,0.032986057758535026,0.03410205020777914,512,1274,19,21,37,1960,1105,0.025357532442018826,0.02247714225359503,0.049996151951707035,0.03332141378296491,29,3.2758620689655173,13,0.7596153846153846,0.40152185381299926,19.418287873268127,1.6049378514289856,11.61927518248558,0.0003841448441919617
1920,-0.2008359808314708,0.533203125,0.6627891877387845,0.4088378498329156,24.73046875,0.8367067579303454,0.027984619758171903,0.028506119913971888,512,1062,16,1,31,1808,1151,0.023933673382122697,0.02284608144886002,0.047662377971200764,0.033663753144033415,37,2.864864864864865,6,0.875,0.6385530118564494,15.674822628498077,1.4300589263439178,10.852211624383926,0.000384079842632582
1928,0.02200916277070064,0.587890625,0.6957551707551708,0.4789342645334597,28.4375,0.9114743501955174,0.04845597121766332,0.0493120468092725,512,1311,30,15,24,1947,1164,0.024202873335847423,0.022525650098660557,0.04772622488304856,0.03330030114954022,40,3.075,9,0.8472222222222222,0.6963967977402111,20.277647107839584,1.6539515256881714,11.892969816923141,0.0003840148520721855
1936,-0.005101792811728956,0.572265625,0.7112995885987119,0.43088513239252624,26.798828125,0.877883716402474,0.026472783381905174,0.025526921135265723,512,1148,25,5,25,1999,1060,0.023295008993011977,0.02244980606511013,0.0464056316460143,0.03324802560883086,38,2.710526315789474,6,0.6875,0.6826570207977056,19.08773124217987,1.5393831133842468,11.350875228643417,0.0003839498725089111
1944,-0.019849096548568923,0.578125,0.6930777316553178,0.4485967835410026,27.291015625,0.9494357649367839,0.027194452199182706,0.026993415988548042,512,1235,15,7,15,1850,1217,0.022686117191488192,0.021841866200796506,0.04474034071631916,0.03232487503534673,28,2.3214285714285716,3,0.6666666666666666,0.597124928983216,15.72886860370636,1.545354187488556,11.49096268415451,0.00038388490394089807
1952,-0.04573198843354476,0.572265625,0.7010939366786141,0.4559721705120187,27.763671875,0.8480376041918938,0.03848330058521654,0.039102950562752634,512,1136,42,9,32,1923,1115,0.022328954566056717,0.022170568770851863,0.04450308139934367,0.03294297850857783,39,2.7435897435897436,12,0.7916666666666666,0.450273331553329,21.102974832057953,1.5945885479450226,11.625769197940826,0.0003838199463662858
1960,0.027827383772091707,0.59375,0.7145836295410384,0.4830828541528339,28.03125,0.9620410752089399,0.033000046898905566,0.033957122655846654,512,1270,17,8,27,1937,1054,0.021895971126010893,0.022025912230907614,0.04341280187155416,0.03254006961463232,37,2.810810810810811,3,0.6666666666666666,1.6470167882825397,17.46326971054077,1.5944772958755493,11.62168887257576,0.0003837549997832141
1968,-0.051973012610687874,0.580078125,0.7003896908815772,0.4549423690499559,27.154296875,0.8478140594088329,0.035256126862805104,0.03483855353294385,512,1228,35,16,30,1759,1213,0.02237565366686326,0.022112263961391043,0.04412858637298056,0.03298442298428972,36,2.5277777777777777,9,0.9305555555555556,0.45508322351694613,18.655858665704727,1.5731661915779114,11.369482517242432,0.0003836900641898231
1976,-0.0024590306929894723,0.5625,0.679177543231953,0.44908896705771706,27.271484375,0.9688950899386886,0.033754226422388456,0.0339953508314502,512,1225,57,15,34,1995,1145,0.022735116081084798,0.02241680088004771,0.045066467501372665,0.033302182594647595,36,2.8055555555555554,4,0.78125,1.000538378082183,17.005792319774628,1.592313438653946,11.62161785364151,0.00038362513958425324
1984,-0.2905798061292444,0.43359375,0.5397087052516594,0.3303128459912141,27.033203125,0.78384074948551,0.08359161376210977,0.08472157046335008,512,1240,86,10,27,2299,1583,0.022480947897327807,0.022351136771717454,0.04480254317224086,0.03322387022233958,37,3.7027027027027026,14,0.8482142857142857,0.43893534950178437,19.835523813962936,1.5591563284397125,12.62315222620964,0.00038356022596464524
1992,-0.169049608084606,0.5234375,0.6931198304383788,0.3585555453318611,25.75,0.7591748658931792,0.03295541855686679,0.03394362305215613,512,1083,61,30,29,2079,1147,0.024389791503232967,0.02247126549532199,0.0461324540045398,0.03300052188220706,50,3.28,14,0.8214285714285714,0.32433447577563257,23.709912419319153,1.4447623789310455,11.259571731090546,0.00038349532332914013
2000,-0.08563493259134702,0.484375,0.5574983484257678,0.4159264879637662,26.646484375,0.9341006144210209,0.03925738073394314,0.03825315727597717,512,1310,49,14,40,2016,1598,0.024501068602162723,0.022896547190677442,0.04854187835613799,0.033800734433212604,39,1.6153846153846154,5,0.875,0.9763897248194553,17.656595438718796,1.5483167469501495,11.918338865041733,0.00038343043167587927
2008,-0.11433658500118327,0.529296875,0.6394587567933157,0.41147365331188857,26.0703125,0.8926543037796676,0.02940114173964048,0.027856472538548428,512,1169,95,15,35,2002,1209,0.024702087477822734,0.023233945448774582,0.04893708370846639,0.034319001985387315,37,2.4324324324324325,6,0.8958333333333334,0.7758520219431375,16.980206161737442,1.4723218083381653,11.356615394353867,0.00038336555100300433
2016,-0.0929644592342811,0.541015625,0.6324975994803581,0.4639481433599081,26.671875,0.8565335421141903,0.03543216286561801,0.03490747131547821,512,1189,101,28,35,1948,1321,0.025998819727154503,0.02353354325100392,0.05020790317125001,0.034873684807650296,43,3.2325581395348837,8,0.828125,0.5309380285462293,17.914602130651474,1.5139923095703125,11.653624475002289,0.00038330068130865743
2024,-0.000897046753379982,0.599609375,0.7216037285845753,0.46847561462324394,27.638671875,0.9150638602160117,0.033687943670088316,0.034371115228590196,512,1215,89,15,33,1836,1147,0.026097436353764984,0.02368485285646862,0.05122729902876444,0.03503198802745325,31,2.3548387096774195,10,0.75,0.5370380482345354,19.492753326892853,1.5786471366882324,11.573726862668991,0.0003832358225909808
2032,-0.019038309445022605,0.603515625,0.7107582757937727,0.5087653151932089,26.962890625,0.9955310449025857,0.0367863082610711,0.03731588113013001,512,1185,97,11,22,1711,1098,0.025769460143343914,0.023335887125415736,0.0512701745907318,0.03449546044371207,25,1.92,3,0.7916666666666666,1.0646099017370336,15.023216128349304,1.5895782709121704,11.187287539243698,0.00038317097484811695
2040,0.015662052567677165,0.6328125,0.7348043897673694,0.52916904051222,29.037109375,0.7585711607186268,0.04547176843880152,0.047719327554577314,512,1405,52,11,23,1881,1143,0.025357810154434376,0.02282929158856446,0.05022567113992604,0.03411651240589311,25,3.56,12,0.84375,0.25755562139553767,18.856605529785156,1.7161771357059479,11.980759888887405,0.000383106138078209
2048,-0.019620061451860238,0.6015625,0.7198011800027929,0.4928338069065806,27.361328125,0.9154265931284409,0.02506187072413013,0.02581991855748237,512,1265,104,4,17,1874,1027,0.024279838407459495,0.02225564674441109,0.0483432057413018,0.03313069031306659,23,3.6956521739130435,5,0.75,0.6526491614717209,16.28754612803459,1.5870646238327026,11.664607644081116,0.0003830413122794002
2056,-0.045168011177338485,0.55859375,0.6789019036183284,0.4417954021263254,28.44140625,0.8852935028807392,0.03395554232702125,0.0340710157347159,512,1373,76,33,33,2018,1383,0.026024970143703467,0.022320695027820803,0.050660220428348945,0.03306904079549758,29,2.6206896551724137,8,0.78125,0.43621166403681855,18.103759557008743,1.6382927596569061,12.261976927518845,0.00038297649744983397
2064,0.0654391441221378,0.65625,0.7683591328660411,0.5467335755642208,26.623046875,0.7397470070589367,0.039251861795492005,0.03896298399406431,512,1136,39,7,26,1704,800,0.02525608202837088,0.02230198394906899,0.050025818289559876,0.03298216222277106,29,3.206896551724138,10,0.6875,0.44573542890138923,17.930703818798065,1.483674556016922,10.713707894086838,0.0003829116935876543
2072,0.03228187555941986,0.595703125,0.6783694787751583,0.5222204565919805,27.345703125,0.8897318080299319,0.05123234864731785,0.05151005558893406,512,1267,75,8,28,1866,1171,0.024653158662742255,0.022244254494064912,0.04861175625671399,0.03301648016620973,34,2.588235294117647,10,0.7875,0.46081104781769683,18.087262839078903,1.5620715022087097,11.519099116325378,0.0003828469006910054
2080,-0.0635760649383883,0.560546875,0.6690068237966794,0.4648843056149933,27.578125,0.954900553352901,0.029035383886366617,0.026920164695971718,512,1245,106,8,25,1926,1166,0.024081567325712427,0.022086075737370762,0.04771686974174372,0.03279336183753884,38,2.0526315789473686,4,0.84375,1.0730505491928852,17.948193311691284,1.627600610256195,11.677846521139145,0.0003827821187580317
2088,-0.029367754552367842,0.59375,0.6754042461616094,0.5168113128584113,29.685546875,0.8959860083673976,0.030304557393606046,0.02962553971061898,512,1346,98,12,30,1802,1330,0.023978121824340573,0.02211170970578371,0.04774981155732694,0.0328217408579031,37,2.5405405405405403,10,0.7625,0.5721108585367801,22.291916608810425,1.7236364781856537,12.341516971588135,0.00038271734778687805
2096,-0.058817152748815715,0.56640625,0.6433242118300169,0.48579878388701914,26.10546875,0.8671382280219629,0.02989611047814833,0.029743072447124874,512,1123,89,12,26,1785,1158,0.023902177023687313,0.022086732581592806,0.046912146671419186,0.03271538395383605,23,2.608695652173913,5,0.7,0.5202874692451587,15.826942801475525,1.4922669231891632,11.067069798707962,0.00038265258777568965
2104,-0.036221701971953735,0.58984375,0.6812684175931432,0.5095514407262933,28.337890625,0.8391566155327848,0.04052271984619438,0.0410304338035576,512,1334,63,13,21,1936,1137,0.02392738143146661,0.021708306163437607,0.047650000884470245,0.03232470620355002,25,2.68,6,0.7916666666666666,0.4421313397721998,18.005456268787384,1.6523869633674622,11.82739806175232,0.0003825878387226119
2112,0.07680324477041722,0.658203125,0.7804772110880762,0.531213310183821,28.58203125,0.8866092278410038,0.029725045039356246,0.030353889863076272,512,1266,68,4,15,1739,921,0.02293284023025061,0.021133840660679967,0.04569259765438982,0.03154404233650307,30,3.2666666666666666,15,0.8333333333333334,0.2486408241301736,19.391857743263245,1.639082133769989,11.73304072022438,0.0003825231006257906
2120,-0.10015365402796306,0.576171875,0.7069086104269293,0.4495270439077488,28.279296875,0.9557401467392495,0.036801424797886284,0.03705809545525163,512,1240,128,14,24,1864,1044,0.02314014351463694,0.021062847576217333,0.04563462647942762,0.03129292089352978,28,3.142857142857143,3,0.7916666666666666,0.9203895630312187,18.04916650056839,1.7014165222644806,11.69793313741684,0.00038245837348337174
2128,0.011227094662899617,0.59765625,0.7326586928088596,0.4776843108139147,25.546875,0.9502775893320938,0.027693889804368155,0.026558935708104213,512,1018,71,5,28,1736,962,0.022306687480283815,0.021389034689558818,0.04422236106295929,0.031783082854502626,23,2.6956521739130435,3,0.75,0.8835336420861001,15.595089763402939,1.4702272415161133,10.636600643396378,0.0003823936572935019
2136,0.10591602550266543,0.650390625,0.7227341282724458,0.5761595259579131,28.8828125,0.9199067286661753,0.028922419788614206,0.02892788404731046,512,1305,50,11,23,1627,1131,0.022212427819973995,0.021144353217498225,0.044036597022652946,0.03155473439326703,27,2.4814814814814814,6,0.7708333333333334,0.6966478735363731,18.427747458219528,1.6126003861427307,11.703775078058243,0.00038232895205432755
2144,0.056166352172112965,0.646484375,0.7498488008894793,0.55368265993266,27.77734375,0.8481804181011177,0.029808676128595835,0.031087324309604064,512,1297,82,9,18,1765,969,0.021896989991661755,0.02067954821997232,0.04341481057220209,0.03066369060177354,35,3.8285714285714287,9,0.7222222222222222,0.5498883621919757,18.82522541284561,1.5665220320224762,11.340615153312683,0.00038226425776399586
2152,-0.0798006511395215,0.58984375,0.7109338561304287,0.4792316102973778,27.814453125,0.8933951591783562,0.05003420760590416,0.05386586953927823,512,1300,102,8,19,2021,1057,0.02145232992330311,0.020307489693659905,0.04277501353933344,0.030386901204455335,31,2.4516129032258065,8,0.78125,0.3790851299345377,17.513251036405563,1.6154857873916626,11.708409696817398,0.0003821995744206542
2160,0.0861577311916335,0.630859375,0.7426838013557633,0.5286724532188242,27.689453125,0.9607263734154697,0.025229136557754828,0.02549658907055092,512,1171,66,7,28,1856,924,0.020938329582343037,0.020553469389510682,0.041523872405088036,0.03048210847569638,29,2.7241379310344827,10,0.7375,0.38716737650538563,16.68228980898857,1.5972952246665955,11.36451306939125,0.0003821349020224501
2168,0.040220358489023056,0.658203125,0.7689663579381261,0.524125460163691,28.9296875,0.9282448003733478,0.032497996726306155,0.033555027732621846,512,1283,74,9,18,1530,1160,0.020689446629636246,0.020130465795138774,0.041032650552389915,0.030124728268523276,20,2.65,3,1.0,0.7479406959046323,15.275420039892197,1.6929522454738617,11.609747290611267,0.0003820702405675316
2176,-0.07693483358889353,0.58203125,0.6940071223381825,0.47611786908661907,27.62890625,0.9117298852466533,0.029511811422594292,0.030702886570433734,512,1275,85,4,19,1855,1206,0.019897250914289847,0.01977621294540149,0.03923798455297267,0.029515439366536417,40,3.45,9,0.8194444444444444,0.38817174452276193,18.795687079429626,1.6231220960617065,11.91106802225113,0.0003820055900540469
2184,-0.04408918841363629,0.580078125,0.6961383914508914,0.457123337462225,27.728515625,0.8222944477786063,0.04173781107419927,0.043147202072906635,512,1294,109,16,26,1984,1181,0.02050549854687875,0.019735442457045792,0.039584405255127186,0.029201003345239174,30,3.066666666666667,8,0.796875,0.5571590730711478,18.651834815740585,1.628589928150177,11.83723920583725,0.00038194095048014467
2192,-0.04064923732948955,0.583984375,0.7008783620975272,0.46378981059508445,28.041015625,0.8207595228304285,0.035304442973483674,0.03593197979727562,512,1337,104,15,25,2018,1177,0.020961373277301614,0.019643185440819493,0.0408995223894022,0.02923086922438653,33,3.8484848484848486,11,0.7727272727272727,0.4824490839727415,21.407588362693787,1.5941192507743835,11.94141599535942,0.0003818763218439738
2200,0.017179080871301267,0.58203125,0.6782746117927569,0.48562682147272673,28.44140625,1.0486255041091965,0.027138142222392858,0.027082897939719693,512,1445,101,30,36,1909,1240,0.022849987592153797,0.019954902771535835,0.04506316097623242,0.029740220335212647,33,1.5757575757575757,5,0.875,1.0270646795397624,17.969390779733658,1.6481376588344574,12.018146634101868,0.00038181170414368343
2208,-0.1429394912920543,0.5625,0.7075774113289756,0.4179743219344512,28.216796875,0.7784130149502765,0.061280953195819166,0.06337647632612903,512,1310,129,15,30,2114,1069,0.02304634435908287,0.020114598842522723,0.04567942753330567,0.029945895345850126,43,3.7906976744186047,15,0.8666666666666667,0.46367653345611565,21.37984037399292,1.6128655970096588,11.998936176300049,0.0003817470973774232
2216,-0.025914388569617586,0.609375,0.7179847689438206,0.5098955691754881,26.55859375,0.8883915931946497,0.029583911871668533,0.029496187181530492,512,1171,114,24,25,1750,1015,0.024355576752134813,0.020167089422601935,0.04758830358825339,0.029836087982569898,36,2.8333333333333335,9,0.75,0.4704797022600865,18.41731759905815,1.5145163238048553,11.062948793172836,0.00038168250154334293
2224,-0.02632519047438109,0.60546875,0.7040440280644421,0.5061801706039789,26.615234375,0.9080395800782797,0.04135810480329383,0.042573514857454725,512,1150,131,15,32,1698,1083,0.024479309930596806,0.02057333330497197,0.048499095641096446,0.030543253438715084,33,2.3636363636363638,8,0.734375,0.6412941464358255,19.24403890967369,1.5324198305606842,11.101353287696838,0.00038161791663959263
2232,-0.0731995601199742,0.5625,0.6671191824430922,0.4428360342961636,27.71875,0.8840743254675382,0.037348088073486,0.03758229156217217,512,1345,139,12,32,1843,1362,0.02423812911343148,0.020702374640652485,0.048261185958116126,0.030658964725554766,34,2.3823529411764706,8,0.875,0.4816242454062376,18.08296948671341,1.6132314801216125,11.888273537158966,0.00038155334266432294
2240,-0.13830114872325794,0.552734375,0.6910047040238756,0.4268441942110704,27.20703125,0.814864433774875,0.03743949819909176,0.03696438533154598,512,1247,115,13,22,2023,1113,0.023920576384769267,0.020478333361148092,0.04717084946710659,0.0305671240879844,32,3.6875,10,0.75,0.26605563606913163,19.673448979854584,1.5720486640930176,11.859966933727264,0.00038148877961568454
2248,-0.008353821915989101,0.576171875,0.7042868283677108,0.4309598832580863,27.7109375,0.7959387583487787,0.04304960224457233,0.042295186697418954,512,1267,116,23,37,1826,1124,0.02496955721397931,0.02088511974384277,0.048586231196489305,0.030736096680697267,43,3.0,18,0.7777777777777778,0.2689597192281019,24.03129643201828,1.6236052513122559,11.60118705034256,0.0003814242274918286
2256,-0.10038172913118615,0.546875,0.683986551443448,0.418106679624082,27.595703125,0.8418487128421434,0.02581427053337393,0.025233545761957007,512,1313,157,11,26,2282,1114,0.024698205160857502,0.02077314993517673,0.048478005630886,0.030853920641961685,27,3.3333333333333335,3,0.8333333333333334,1.156574703105747,16.89374604821205,1.580034762620926,12.053056538105011,0.00038135968629090643
2264,0.027354816380466218,0.607421875,0.7067719891154222,0.5068364491066697,27.009765625,0.9690589057642998,0.03073371700156713,0.03070128431048023,512,1139,134,10,11,1688,1047,0.024238481301046336,0.020073697866683754,0.047357939441673436,0.02991206043118394,25,2.84,4,0.75,0.9224648527087993,17.270979940891266,1.548708289861679,11.128059834241867,0.00038129515601106987
2272,0.0012514956779341446,0.634765625,0.7383050476765716,0.5309946624462754,30.677734375,0.770898488804896,0.0440983010284981,0.04372657511428339,512,1393,112,11,34,1704,1170,0.023888965960938736,0.020276911496629305,0.0468861484625428,0.03014877784951861,32,3.4375,14,0.8660714285714286,0.3730376493850989,22.847311168909073,1.752646654844284,12.379249811172485,0.0003812306366504709
2280,0.053812531234143535,0.609375,0.71713068173724,0.4962575907888408,28.953125,0.9672406126402746,0.03816733670419126,0.03739094560117599,512,1316,102,20,30,1924,1046,0.02469619791128794,0.020453810280080316,0.048474058809399256,0.030331363217392743,26,2.3076923076923075,5,0.675,0.45369178726905374,17.18220466375351,1.6522102653980255,11.961650341749191,0.00038116612820726176
2288,-0.05045587913855343,0.599609375,0.7068841582331857,0.4920540456908991,28.5234375,0.8113073377830808,0.037351192410824297,0.03536851776477787,512,1279,139,15,37,1785,1102,0.024848108498373742,0.020913237811396035,0.04922411118774084,0.03103893401443053,30,3.3333333333333335,8,0.734375,0.4118292937455408,16.90973126888275,1.6236755549907684,11.793159365653992,0.0003811016306795952
2296,-0.03605581325973617,0.552734375,0.6417299559087218,0.4548429370036712,28.126953125,0.9409569748221487,0.025140626953543688,0.023581751482503202,512,1279,100,18,39,1900,1451,0.025227902954673916,0.021426922486656116,0.04997045457947269,0.031754750930589604,23,2.347826086956522,2,0.8125,1.1391585760611633,15.680599480867386,1.6526285409927368,12.134109854698181,0.0003810371440656242
2304,-0.20356958321644925,0.517578125,0.6570559715526754,0.3771071693415965,26.015625,0.8558869522592941,0.04342539941899304,0.04338074860654835,512,1130,173,4,23,1990,1169,0.02415516453530019,0.02140786725086804,0.048098028678413396,0.031876254971231005,41,3.8048780487804876,8,0.84375,0.604519247081214,20.323014676570892,1.5492525696754456,11.58927097916603,0.00038097266836350206
2312,-0.5086398569401354,0.373046875,0.514395136933584,0.23547175918780333,26.517578125,0.596108883459455,0.09304931593942456,0.09790685314308467,512,1330,174,28,37,2432,1849,0.025728158027684373,0.021782426665104968,0.04876548112317558,0.032070708824625926,59,5.101694915254237,21,0.9047619047619048,0.18769677034304186,28.248850971460342,1.5643839240074158,12.702750027179718,0.0003809082035713823
2320,-0.15033017431687767,0.447265625,0.5614214000211718,0.34023108289741355,28.416015625,0.9490765919529235,0.04220401070051594,0.04295019375480452,512,1435,175,26,44,2306,1768,0.0269799453446327,0.022253534482686528,0.05364534586960146,0.032883056509286246,38,2.5,10,0.825,0.4852297409437597,20.643990606069565,1.6845244765281677,13.032420068979263,0.00038084374968741893
2328,-0.6712171593608218,0.37890625,0.519009577741502,0.24165173611494686,24.453125,0.7554940650391619,0.047824613842749386,0.04408786481844637,512,1067,240,8,36,2080,1568,0.026265554435616224,0.022870207422971564,0.05134190676510686,0.0337010399758359,52,3.1923076923076925,13,0.9038461538461539,0.42076403297968584,22.763014137744904,1.470669150352478,11.475026279687881,0.00038077930670976607
2336,-0.05438781984230445,0.515625,0.6408897479209978,0.3700671437157238,27.998046875,0.9262218314843146,0.03625518065382494,0.03505338908704593,512,1389,141,10,19,2058,1476,0.025813972254018887,0.022346136765144072,0.051121578706811444,0.03318621710033334,42,3.0238095238095237,11,0.7386363636363636,0.44449138082299294,20.933676660060883,1.6028416454792023,12.31461563706398,0.00038071487463657827
2344,-0.16847355920344853,0.51953125,0.6078231464821355,0.41986020659178747,26.47265625,0.7098487414294632,0.03827815551994718,0.03775578560121973,512,1236,166,6,29,1682,1574,0.02492981039498169,0.02239640423234877,0.049620894920266556,0.03336489780027607,41,3.2195121951219514,13,0.7788461538461539,0.3327964558105717,20.700814843177795,1.5325004160404205,11.576988160610199,0.0003806504534660104
2352,-0.11967603384255199,0.482421875,0.534722774244833,0.4213607234081372,27.361328125,0.9200643896373147,0.04223908151834621,0.04109006269286716,512,1289,128,5,51,1872,1822,0.024003529570057254,0.02338909842389589,0.04756335801318545,0.03467613949641141,41,1.8048780487804879,12,0.8125,0.4347504264054199,19.53644609451294,1.5451736748218536,12.31295108795166,0.00038058604319621763
2360,-0.20101362358036567,0.494140625,0.5895178504344515,0.39436809067769796,28.58984375,0.9962907098666733,0.03655392188738915,0.03410115820184398,512,1377,203,19,35,1890,1627,0.024454608237446593,0.023565214526187983,0.048686845712153204,0.034782193675258394,38,2.0526315789473686,7,0.75,0.552340312398493,18.962855458259583,1.6680552661418915,12.541466146707535,0.00038052164382535537
2368,-0.1493289637764974,0.525390625,0.6748102570617784,0.35504474918268025,25.744140625,0.7518742908634621,0.029866918388592012,0.028016754450065233,512,1125,134,12,50,1936,1204,0.024325494174414507,0.024644905466682788,0.04711578914195691,0.03641803145802952,39,3.2564102564102564,9,0.7777777777777778,0.4637411761980022,19.255480140447617,1.5029231309890747,11.531371623277664,0.0003804572553515795
2376,-0.08279467392276274,0.537109375,0.6219887350312087,0.4425487945962084,27.330078125,0.8091682710389214,0.03639199944518623,0.036580690145320546,512,1295,152,32,34,1951,1396,0.026192140062137464,0.024640571003316798,0.05186398409055892,0.03668916173562414,38,2.6578947368421053,10,0.7875,0.5146171374479309,21.27150383591652,1.5721509456634521,11.964356750249863,0.000380392877773046
2384,-0.04340580307871278,0.572265625,0.7025149711487472,0.4341728687797236,27.041015625,0.712556662639825,0.03839117257666658,0.04051029756762467,512,1249,147,10,32,1934,1141,0.025619487186961554,0.02466052673366529,0.05097569569864324,0.036485825399314276,32,4.21875,13,0.8173076923076923,0.3410723586401638,19.867334872484207,1.5340558588504791,11.548096090555191,0.0003803285110879113
2392,-0.19198664663917953,0.525390625,0.6449661013598988,0.4072359625668449,29.84765625,0.8395618597826222,0.03258794112207397,0.0333269421199006,512,1533,157,18,35,2108,1435,0.025999578790733825,0.02460097984394616,0.05125716946058456,0.036178602030671164,30,3.066666666666667,10,0.7875,0.5727610615082085,21.383610397577286,1.7352275848388672,12.880696415901184,0.0003802641552943322
2400,-0.008833585499814944,0.591796875,0.7098933130568567,0.4762582661749682,27.865234375,0.8982403006248608,0.03141336294447683,0.032151499349991265,512,1283,113,13,23,1872,1135,0.025907885380738446,0.024152056370785532,0.05085509082566142,0.035996913144435205,46,2.5,9,0.7777777777777778,0.8081556602452716,21.418625354766846,1.5968582034111023,11.672362834215164,0.0003801998103904656
2408,-0.32481644511699415,0.50390625,0.6777274230399231,0.334783906297189,25.603515625,0.7147872724552955,0.03603692332853825,0.03590580971129059,512,1113,190,13,17,1999,1181,0.025567976001440444,0.023583942026526566,0.050638491778132955,0.03513382022145617,31,3.5483870967741935,9,0.7777777777777778,0.27979653698811563,18.66205984354019,1.4493506252765656,11.240201622247696,0.000380135476374469
2416,-0.27597897936630034,0.482421875,0.6316229789707265,0.34247876227714935,26.28125,0.7605407470516223,0.028650742001445906,0.02788418113775506,512,1294,182,4,15,2205,1268,0.024483538939597288,0.02283554297700377,0.0487437245190242,0.0339312519191603,38,3.973684210526316,11,0.7386363636363636,0.1853148968582781,21.194644272327423,1.53469580411911,11.749530017375946,0.0003800711532444999
2424,-0.3931994085232873,0.470703125,0.6328944390176641,0.3080482013593968,25.517578125,0.7608293672477469,0.06219674807107367,0.06339991826249515,512,1140,214,7,25,2091,1306,0.02379933499189915,0.022749137859931406,0.047398099380918435,0.033920665177413045,38,3.4210526315789473,3,0.6666666666666666,1.746821758766373,19.840113312005997,1.4293169379234314,11.471079409122467,0.0003800068409987163
2432,-0.30497948854826973,0.474609375,0.6496326840879526,0.31353411426940836,25.896484375,0.7676027318236617,0.04643510188179789,0.04732893329582571,512,1153,176,14,25,2310,1153,0.023937637878172754,0.02266978244434319,0.047204419902913464,0.033809650405729225,42,4.023809523809524,8,0.765625,0.6804246659688857,20.338425368070602,1.5396951138973236,11.892961025238037,0.00037994253963527654
2440,0.01830118416910409,0.552734375,0.6640858747476395,0.4479750355131422,28.388671875,0.917140789964515,0.029440327231895935,0.028876634279260384,512,1430,146,10,14,2110,1356,0.02339445378727323,0.021834202086190076,0.04660137086391203,0.032512440210505145,37,3.0,9,0.875,0.5652612991099077,19.250024169683456,1.6393285393714905,12.333075076341629,0.00037987824915233917
2448,-0.08626771684794221,0.58984375,0.7089806799451503,0.46850127097051786,27.119140625,0.8628189554340708,0.025960160110116703,0.02553994198856223,512,1157,163,4,24,1846,1094,0.022435033980072832,0.021713082561407825,0.04471208715712427,0.032202307169999084,38,2.973684210526316,5,0.775,0.9329766652998522,17.24480402469635,1.5599531531333923,11.417377084493637,0.00037981396954806304
2456,0.10023070473471307,0.669921875,0.7617747755251758,0.5683934326704071,27.177734375,0.994343031158903,0.03740313146954577,0.03885567068226772,512,1177,119,11,19,1481,964,0.022345611822790483,0.02141654666844836,0.04406937988589166,0.03187921285699616,19,2.4210526315789473,3,0.8333333333333334,0.836674082481295,14.574183493852615,1.587575763463974,10.897349506616592,0.00037974970082060746
2464,0.026306273540285474,0.6015625,0.6983137918482746,0.5090383623044913,28.203125,0.9069901255501082,0.044220328385563334,0.04466524843022654,512,1294,140,16,23,1827,1118,0.02267848444208798,0.021199203788231875,0.04472530307657663,0.0314440854389606,29,2.4827586206896552,5,0.675,1.1444627541402386,17.408920526504517,1.612967312335968,11.73204219341278,0.0003796854429681319
2472,0.0016729888320696773,0.615234375,0.704997221968037,0.5090150051166785,28.3046875,0.868642235317371,0.028499771611336655,0.029350914262291798,512,1328,144,15,24,1723,1245,0.02301673507262451,0.020982745469092543,0.04562112090040227,0.03130732983423945,36,3.4166666666666665,14,0.8214285714285714,0.42245843476848677,21.524375826120377,1.6153114438056946,11.804438441991806,0.0003796211959887961
2480,-0.013136114883309347,0.609375,0.7130232823928944,0.5118931611623143,28.328125,0.9002188813860481,0.03290600777108921,0.0336873689077815,512,1267,157,9,30,1782,1061,0.02262347791893954,0.021088055405272976,0.04484654964353274,0.03119551037762644,36,2.861111111111111,6,0.7708333333333334,0.5732242315730248,17.906620502471924,1.6549515426158905,11.686350464820862,0.0003795569598807604
2488,0.03770149560978098,0.66796875,0.8076059267793139,0.5325298117197204,27.484375,0.8659314548422115,0.03292531669649179,0.032989475546132005,512,1191,122,6,18,1692,768,0.021943874228170526,0.020715237207527264,0.04374417460099289,0.03099059486480485,27,2.5555555555555554,5,0.75,0.6981276010279543,17.04395616054535,1.5615874528884888,11.004009127616882,0.0003794927346421851
2496,0.06379091060807696,0.626953125,0.7363940812929783,0.5050072804659498,28.828125,0.8539098080302612,0.030902578350717302,0.03190759661048988,512,1310,127,18,36,1757,1121,0.022600375902657607,0.02116214160622667,0.045037810845534154,0.03151986138075591,23,3.1739130434782608,10,0.825,0.38693092493787,18.512100130319595,1.6151641011238098,12.111442685127258,0.000379428520271231
2504,-0.04631538731337059,0.595703125,0.702105336452763,0.4995887763721611,28.0390625,0.9345670906293349,0.042309362690502894,0.04329259283080558,512,1275,137,12,21,1872,1056,0.022489479854714032,0.020825616181058708,0.04481935169668938,0.031082151332721242,28,2.7857142857142856,5,0.75,0.6376761655328763,17.620227217674255,1.6507560312747955,11.669957518577576,0.0003793643167660593
2512,-0.05494197535153944,0.6015625,0.723033951833442,0.4486789485529405,27.662109375,0.8237323599850503,0.04831297536748025,0.04993224235419323,512,1233,135,11,25,1871,1154,0.02238710471240936,0.020825502357590505,0.044151153618818495,0.030998239214305584,42,3.380952380952381,14,0.7232142857142857,0.3538037534799065,22.94607564806938,1.6292412877082825,11.678873717784882,0.00037930012412483113
2520,-0.060641656926236465,0.62109375,0.6960017205807054,0.551510642135642,27.669921875,0.8430488898974922,0.02349928220792208,0.02250906381168387,512,1259,131,8,18,1745,1198,0.021957728062076187,0.02041996812378783,0.04353455228605008,0.03038079105899108,29,2.6551724137931036,8,0.796875,0.4287378537873817,19.019845962524414,1.6292579770088196,11.557141810655594,0.0003792359423457084
2528,0.07044852645685751,0.646484375,0.6940916414949989,0.5867607193427096,28.03515625,0.9643852031432113,0.035735335033677984,0.036312657759918224,512,1366,108,10,18,1406,1393,0.021654360315311493,0.01996050831243956,0.04293640494542661,0.029751783115828795,23,2.1739130434782608,3,0.625,1.197888702234195,16.065520465373993,1.5979907810688019,11.496635794639587,0.0003791717714268531
2536,0.02832850326285552,0.640625,0.7519642455223963,0.5306476259062466,28.408203125,0.8726788784093932,0.03836185738680342,0.03967075381194874,512,1284,110,5,13,1761,1064,0.020906892404271828,0.01934257278543508,0.04146183159250805,0.028895675953000438,24,2.9166666666666665,4,0.96875,0.6875208175042644,16.52381670475006,1.6220450401306152,11.65007358789444,0.0003791076113664275
2544,-0.01532529612086364,0.599609375,0.6750320747800587,0.5216830026854339,27.927734375,0.9190814296602481,0.023404289049722138,0.02232485409684483,512,1213,134,13,24,1749,1216,0.021013284111838334,0.01932664922810877,0.04144178369125984,0.028507316844896324,27,2.888888888888889,5,0.7,0.38398553732517937,16.56861326098442,1.5997684597969055,11.658869534730911,0.0003790434621625943
2552,0.005423772181529785,0.61328125,0.754656315539433,0.47078358493508293,27.900390625,0.8798031310563057,0.03894529870200414,0.038884231977053804,512,1162,147,10,24,1917,1012,0.020762699285320818,0.019436098709985063,0.04141446498982004,0.028924346852408883,29,3.3793103448275863,10,0.8,0.2302552092578054,18.362524151802063,1.6451240479946136,11.661577612161636,0.0003789793238135163
2560,-0.3345490725678246,0.490234375,0.6981614639428877,0.3058199988600597,25.60546875,0.6191520726861406,0.03569694499310572,0.03542672629443945,512,1093,193,21,24,2281,1010,0.021671644074152088,0.01951305668933345,0.043207488382947634,0.028803640990086088,29,4.344827586206897,9,0.8194444444444444,0.3057516294128517,19.079729288816452,1.4548366367816925,11.636248260736465,0.0003789151963173569
2568,0.060350065323291346,0.5390625,0.6277561885578189,0.46220009262349193,28.697265625,0.8544039390768672,0.06611668151890626,0.06542532896198092,512,1424,129,34,41,2046,1405,0.023940756866284992,0.02028589296461777,0.04656236014124693,0.03026123540642689,37,3.5135135135135136,8,0.734375,0.4458017756933259,22.48860377073288,1.6042424738407135,12.430685251951218,0.00037885107967227966
2576,-0.06324332401254651,0.568359375,0.6814196182554816,0.4505311855110242,30.037109375,0.7845565748321626,0.021403594194453035,0.01986779810418366,512,1542,135,13,37,2044,1511,0.02393749810110534,0.020459717097615703,0.04766990165246443,0.03048657340023489,39,2.7948717948717947,12,0.7916666666666666,0.5999208667247634,21.147629022598267,1.7582870423793793,12.936810970306396,0.00037878697387644833
2584,-0.05287136796505365,0.58984375,0.6921468437232889,0.5026474067247624,26.5859375,0.8692106666397119,0.021994702608935768,0.019622671726014288,512,1133,163,2,23,1756,977,0.022715600781539242,0.020380461234946145,0.045264771087872746,0.030338619970143282,29,1.8275862068965518,5,0.75,0.8235609528466739,15.553930461406708,1.5258336961269379,11.064349710941315,0.0003787228789280272
2592,-0.15387693404773017,0.537109375,0.621797439094073,0.4606546724060724,27.310546875,0.8827617072283973,0.03248047860142833,0.03180155112216865,512,1244,162,5,21,1936,1350,0.02190254934190949,0.020162088351269626,0.04366271463828997,0.029940126001121586,28,2.6785714285714284,8,0.78125,0.31280100513484244,17.577951788902283,1.583741843700409,11.827363699674606,0.0003786587948251808
2600,-0.30053534555554506,0.533203125,0.7387706384029913,0.35725657494566965,24.95703125,0.7309210383215223,0.03950151814206038,0.03895425739832123,512,1017,180,8,35,1972,867,0.021491320021488042,0.020957135931036635,0.04238497358954807,0.030968255681204565,29,3.0,6,0.8125,0.3305263919657193,17.359735012054443,1.464731752872467,10.710724711418152,0.0003785947215660739
2608,-0.20821717916078342,0.46484375,0.549075940860215,0.4016626013543616,25.890625,0.8916740828848493,0.06477281207844499,0.06403946827207403,512,1238,155,15,21,1935,1632,0.021650479139412943,0.02067021185037069,0.04247588330643426,0.03022709129289128,44,2.977272727272727,13,0.7980769230769231,0.34378466100701116,20.049413084983826,1.5001361668109894,11.738420248031616,0.0003785306591488715
2616,-0.05982906345889205,0.48828125,0.5946792235315942,0.3961035244321732,26.763671875,0.9414786276106505,0.051263438748719636,0.051387785315402695,512,1287,160,13,21,2102,1452,0.02169147915797721,0.020487855908776248,0.043246597204553594,0.0303870163472513,46,2.3260869565217392,14,0.7767857142857143,0.6287873216705131,21.406895697116852,1.5714077949523926,11.966613233089447,0.0003784666075717393
2624,-0.18851846977031528,0.490234375,0.5794713946560297,0.40804286042975746,28.94921875,0.9358174382669873,0.028381070772866224,0.027640657653370784,512,1423,156,15,37,2251,1582,0.022091841482919646,0.020841866740020067,0.043569175962651974,0.030592442028054834,35,3.2,10,0.775,0.5191010693973567,19.39873993396759,1.6527856588363647,13.176224529743195,0.0003784025668328428
2632,-0.12324647910463682,0.50390625,0.6832191882899266,0.33382113105956485,26.55859375,0.9908541258420367,0.03223392587824492,0.03158310990165884,512,1105,148,18,43,2202,1095,0.022649564788885683,0.021776960900940397,0.04513470226205896,0.032320666789188185,29,1.8275862068965518,5,0.775,0.9430325814406387,16.446286231279373,1.5147972702980042,11.663947641849518,0.00037833853693034804
2640,-0.41436150092977186,0.5078125,0.6989712796164409,0.30834802488764407,23.498046875,0.70427542018455,0.043274258057863335,0.04219091971872335,512,876,196,22,29,1811,1134,0.023532125129989364,0.022323329612048044,0.04618378297295744,0.03266911342266482,42,4.0476190476190474,11,0.875,0.5419739818475621,20.863436549901962,1.3125847280025482,10.432547211647034,0.00037827451786242157
2648,-0.08312199503416196,0.5703125,0.6606465166711846,0.47167483660130716,25.845703125,0.834833440233997,0.04053367175947642,0.03924082875385926,512,1123,154,23,20,1611,1292,0.024572685837087698,0.022046043075877347,0.04845352858350094,0.03283431182533453,29,2.413793103448276,9,0.8333333333333334,0.48600305742325467,17.54900872707367,1.4932414889335632,11.03148427605629,0.00037821050962722993
2656,0.018645557503532473,0.556640625,0.6580960090536703,0.4573578163547921,29.9140625,0.886882746928046,0.03884740106150275,0.03837505987988478,512,1481,126,19,32,2078,1426,0.025119950953139743,0.021973458516620175,0.04999450343052192,0.03264683245684746,30,2.066666666666667,9,0.75,0.5402556615881622,20.68851888179779,1.735961765050888,12.816396802663803,0.0003781465122229401
2664,-0.033910794230905594,0.58203125,0.7165403980507159,0.4601679069168989,27.01953125,0.9255887068967688,0.02529527940259868,0.025221212144629745,512,1259,176,11,28,1925,1110,0.02473349578529836,0.021960146327648127,0.048769703983857715,0.03247345863774975,24,3.125,3,0.875,0.8120125636058072,15.950681358575821,1.5420681536197662,11.530021488666534,0.0003780825256477195
2672,-0.11742039280215977,0.556640625,0.6586484080435693,0.46035047441634824,27.05078125,0.8275874046683743,0.04045449890236341,0.041172470818511,512,1251,171,6,25,2030,1251,0.023811914037497176,0.02182814571729297,0.046957030017822254,0.032351787940066934,36,2.8333333333333335,10,0.8875,0.4545202832179953,18.18241685628891,1.5712503492832184,11.771900117397308,0.00037801854989973554
2680,-0.0021833671371496166,0.609375,0.7020983722802393,0.5077779500193293,27.67578125,0.8030930184050313,0.03911048280497198,0.03976877668947371,512,1179,139,13,13,1582,1234,0.023741382498795743,0.02119321848117923,0.047047585628126054,0.0316386742994233,23,2.5217391304347827,8,0.859375,0.5354959267133381,17.312361031770706,1.5986814200878143,11.457563757896423,0.0003779545849771563
2688,0.059085266359033994,0.5859375,0.6693574765429011,0.4945840291354404,26.994140625,0.9811488120796642,0.04596635624275791,0.04625577572167338,512,1249,141,10,20,1729,1276,0.02342710387880145,0.0208601365566864,0.046429060791828514,0.031078691777652073,35,1.8857142857142857,7,0.7321428571428571,0.6464406633853547,17.148635238409042,1.5331745743751526,11.704350858926773,0.0003778906308781499
2696,-0.12906378837215016,0.5390625,0.663399797063023,0.4229202808982221,25.818359375,0.977181829299888,0.03128404725157452,0.03026712351966873,512,1157,172,8,23,1935,1086,0.0229381886191805,0.020863398861845045,0.04523689203094883,0.030927850083675323,37,1.9189189189189189,1,0.625,6.759008679887888,16.177268385887146,1.4710232019424438,11.135735183954239,0.00037782668760088486
2704,-0.04228083068301203,0.5625,0.6732082825155581,0.4447263955209875,28.51953125,0.9096196576599718,0.030989962084277067,0.030322457132507363,512,1391,128,21,27,2003,1325,0.023361481540921707,0.02077909710006304,0.04629988558853659,0.03077395640260111,39,2.2051282051282053,9,0.7777777777777778,0.8095178563417625,19.763891458511353,1.6673915088176727,12.248477429151535,0.0003777627551435301
2712,-0.08504507833686148,0.576171875,0.693190535078148,0.42834666860154114,28.25390625,0.9118924076057603,0.034457011340123245,0.03605332368992581,512,1307,147,14,30,1736,1442,0.023531877721328736,0.02089121139719402,0.04687183213162893,0.0309032750891583,27,2.5925925925925926,8,0.8125,0.31470323186445626,17.735128939151764,1.6416969895362854,12.013991296291351,0.00037769883350425475
2720,-0.1973957252685068,0.51953125,0.6919333107875933,0.34564888156219425,26.017578125,0.800519794573244,0.04218501177456346,0.044193659934133996,512,1201,181,16,22,2058,1124,0.0238177359789909,0.02068756273863737,0.04696848670400011,0.03071197757965463,44,3.7045454545454546,8,0.71875,0.6230339364270927,19.65991035103798,1.5354216992855072,11.388526499271393,0.0003776349226812282
2728,-0.5141227299318416,0.466796875,0.6183282902020224,0.3226937206097622,22.529296875,0.739088080643238,0.05004964808540535,0.04844117538255626,512,858,201,6,13,1727,1232,0.0229526677425926,0.020370582576981197,0.04573164074399183,0.030480330416024548,38,2.8947368421052633,6,0.8541666666666666,0.4013995147145089,17.31289631128311,1.2824489176273346,10.098615199327469,0.00037757102267262034
2736,0.04549533663339389,0.548828125,0.6380918172085748,0.45620094944543477,28.74609375,1.0057038955016184,0.041593514806663734,0.043071770967664375,512,1453,144,21,37,2023,1470,0.023697068038092003,0.020607653617494667,0.04568074590811655,0.030495083986717936,36,1.6111111111111112,10,0.7375,0.6856687636114657,18.34539696574211,1.638234555721283,12.501905351877213,0.00037750713347660115
2744,-0.03081721315811592,0.6171875,0.6851421158850164,0.5499456668697001,29.283203125,0.6878724376153422,0.048280409684593906,0.04990293865157755,512,1364,142,13,24,1872,1288,0.02362437403481334,0.02038120056963679,0.046817327292147604,0.03049605315699347,35,5.142857142857143,16,0.7578125,0.3894232285427961,24.891135841608047,1.7720144987106323,12.332206130027771,0.00037744325509134105
2752,-0.02308153824560577,0.59765625,0.7117138843714608,0.4859600754913255,27.767578125,1.0633085067590349,0.027189077438379172,0.024858904429170412,512,1244,162,13,20,1699,1150,0.023687727350424306,0.020098110955956715,0.04671263330134534,0.029705867490865318,36,2.0833333333333335,4,0.78125,1.2301137258955066,17.120611429214478,1.6651317179203033,11.77323567867279,0.0003773793875150108
2760,-0.18368799852760276,0.541015625,0.6385346969360253,0.43169631294631294,28.916015625,0.8508543066278269,0.031200549616187345,0.028389996349511497,512,1290,199,19,21,1847,1477,0.0241805844618845,0.01986359219716924,0.04572054294141881,0.029564036953202616,29,3.2413793103448274,9,0.7916666666666666,0.4619259530526405,20.142430186271667,1.7335430085659027,12.414208173751831,0.00037731553074578134
2768,0.008283891992505232,0.59765625,0.7109328327070262,0.47996057796775915,27.27734375,0.8784302816645743,0.02418671595660271,0.023195888458433997,512,1308,148,9,23,1944,1098,0.023745569478934143,0.019723389053923835,0.04705582457711144,0.029318559047634057,31,2.3225806451612905,9,0.7361111111111112,0.5875069630193239,18.4688663482666,1.6514986157417297,11.627969354391098,0.0003772516847818239
2776,-0.02381041167427611,0.6484375,0.7705510073107524,0.5348438582522773,29.01953125,0.7300390542155989,0.032014859818445984,0.03239181579414903,512,1350,145,14,17,1883,920,0.023867472150924964,0.019270168663235533,0.04753214749517942,0.028766018391573167,27,3.814814814814815,4,0.78125,0.9847697393270209,19.10759338736534,1.7240963578224182,11.864269495010376,0.00037718784962131034
2784,0.003812626272519992,0.650390625,0.7467300693622101,0.5412994481009187,28.158203125,0.9126411349605094,0.036217025630321587,0.03634029929181058,512,1268,143,6,15,1549,1027,0.023115089785756347,0.018820384522083095,0.04581479421956369,0.02818300961771847,31,2.6774193548387095,6,0.75,0.6272835171402628,17.3057821393013,1.687533676624298,11.365184277296066,0.0003771240252624124
2792,0.07944216948817484,0.646484375,0.7511907460642074,0.5393944957438197,30.40625,0.9592460674109351,0.02736953524799901,0.02718388314834518,512,1481,153,16,20,1712,1044,0.023256294380915518,0.0185009689113506,0.046329423451629825,0.02757120353989992,23,2.8260869565217392,6,0.7708333333333334,0.7280437521809896,17.842022508382797,1.8793509006500244,12.285050719976425,0.0003770602117033025
2800,-0.18557905746274628,0.53125,0.6889454632487128,0.3846370469334566,27.828125,0.7504246913479471,0.04796536619778635,0.0472246690991666,512,1339,193,13,15,2117,1210,0.023201421552201784,0.018083263225552138,0.04575529241973042,0.027012550766108423,35,3.742857142857143,10,0.8,0.3687702537587228,20.29951846599579,1.719450056552887,12.131559044122696,0.000376996408942153
2808,-0.250677912721585,0.498046875,0.6586864231911194,0.3590500130378388,25.306640625,0.7884292096151397,0.041057324426219566,0.03908636397880468,512,1077,202,16,21,1981,1209,0.023395164263238028,0.01816692830672556,0.04591413585546866,0.026990527662468927,41,2.5609756097560976,9,0.7638888888888888,0.4612327714921334,20.223555892705917,1.5402525961399078,11.180496364831924,0.0003769326169771369
2816,0.04952890938875498,0.599609375,0.7141319617882118,0.4903383279538324,29.12890625,0.8787705659583045,0.04576308982723276,0.045404954273654485,512,1332,159,8,28,1981,1103,0.02288735094403946,0.01827621107503391,0.045603019996334426,0.027042517915827458,36,2.6944444444444446,14,0.7946428571428571,0.4188887794319141,24.74308043718338,1.7204193770885468,12.475580155849457,0.00037686883580642725
2824,0.05143841753306333,0.630859375,0.7331068732892014,0.5349334240955013,28.908203125,0.8471629811594984,0.029265039216625155,0.02891077187820397,512,1343,143,20,28,1823,1005,0.023679989860557648,0.018371388640455358,0.046926775898550876,0.027266268201998928,34,2.8529411764705883,9,0.75,0.60278130983473,19.88340437412262,1.7206402719020844,11.877738952636719,0.0003768050654281977
2832,0.037431224387546536,0.607421875,0.7277659487218311,0.493803706457881,30.291015625,0.898636909193668,0.02458390488209261,0.023713252894376643,512,1477,163,13,27,2069,1170,0.02349684757706335,0.018378667307178357,0.04656633915407127,0.02735470617671798,30,3.1333333333333333,3,0.7083333333333334,1.2494523329810363,18.49840173125267,1.9559320211410522,12.788251906633377,0.00037674130584062197
2840,-0.08702736163468217,0.58203125,0.6813240343159207,0.47417555453772164,28.673828125,0.9166489017238715,0.029273120645484596,0.028477819141711817,512,1349,190,4,18,1848,1309,0.022538407395116884,0.018081296002191178,0.04467895081616047,0.026954649778632905,32,2.875,8,0.875,0.5368195799583191,18.795541286468506,1.7536239922046661,12.146773517131805,0.00037667755704187407
